"species","svl_mean","head.count_mean","midline.count_mean","dorsal.count_mean","dorsolateral.count_mean","chin.count_mean","ventral.count_mean","foretoes.count.t_mean","foretoes.count.b_mean","hindtoes.count.t_mean","hindtoes.count.b_mean"
"acutus",60.89,-3.79416867851956,-3.15370175578853,-2.83570737242853,-2.49505101097206,-2.66328712928267,-3.00986071956264,-1.95606818059248,-2.80844222671169,-2.41289948532642,-3.00986071956264
"aeneus",66.57,-3.50260371483455,-3.18414998371601,-2.87399505541217,-2.8094565342746,-2.69167349861822,-3.18414998371601,-2.0855376950479,-2.69167349861822,-2.49100280315607,-3.01709589905285
"aequatorialis",103,-3.8910979022377,-3.8910979022377,-3.68345853745945,-3.46031498614524,-3.32055304377009,-3.81698993008398,-3.56567550180307,-3.74799705859703,-3.74799705859703,-3.97114060991123
"agassizi",100.666666666667,-4.46402515041953,-3.87965125824531,-3.85064746591544,-3.7478803460306,-3.27639193333507,-4.02324556360947,-2.91619400561326,-3.51956354157868,-3.15233222317684,-3.82028328462873
"alayoni",42.93,-2.91560081194194,-1.93477155893021,-1.87414693711378,-1.93477155893021,-1.711628007616,-2.222453631382,-1.41152341516567,-1.99931008006779,-1.711628007616,-2.222453631382
"aliniger",54.395,-3.30896627016449,-2.98057650196996,-2.57579773576778,-2.61285172184464,-2.47197805337865,-3.03946801979815,-1.82621119899272,-2.46667812172375,-2.13783448175838,-2.73640011801299
"altae",42.99,-2.69429089362879,-2.05433232943009,-2.03469174880432,-1.83088458456018,-1.68541487807899,-2.40689422996569,-1.83163160877573,-2.167225390572,-2.22380225653738,-2.51284779165978
"altitudinalis",44.4,-3.67295330356368,-2.46898049923774,-2.46898049923774,-2.69212405055195,-1.99897686999201,-2.57434101489557,-1.37412056018818,-1.88494618395417,-1.59351176188384,-1.99897686999201
"alutaceus",35.84,-2.26509088856647,-2.04194733725226,-2.04194733725226,-1.51131908619009,-1.34880015669231,-2.04194733725226,-1.30465037207938,-1.64112260870059,-1.77958307278476,-2.04194733725226
"anchicayae",54.715,-2.94006782198113,-2.79622678575524,-2.7920773843479,-2.44965319547527,-1.90034705114122,-2.6650446535215,-2.0134362786459,-2.59501168354874,-2.48192245604406,-2.95130424990716
"angusticeps",47.325,-3.31181538201589,-2.01201613557854,-1.98343692865856,-1.93075667082965,-1.96197440630005,-2.41593564740187,-1.50315985763516,-2.01398548140115,-1.85631985946644,-2.12825357495008
"anisolepis",44.24,-3.15475108477811,-2.68474745553237,-2.8182788481569,-2.12513166759695,-2.36629372441384,-2.8182788481569,-1.87003651647614,-2.2755016245843,-2.27928234742421,-2.56696441987599
"antonii",44.96,-2.89933006675375,-2.25756644613622,-2.16018763853583,-1.9045152954937,-1.81857225905967,-2.45950150293782,-1.85328547189618,-2.23575295617536,-2.17950198363595,-2.59663207853042
"apletophallus",43.985,-2.50465372699555,-2.15255521862228,-2.04650836105847,-1.95165752901268,-1.770204782168,-2.45197346916664,-1.86415093085459,-2.41345707518864,-2.26965191237268,-2.74188271679311
"apollinaris",107,-4.13435167936541,-3.96729759470224,-3.96729759470224,-3.82419675106157,-3.44120449880546,-4.13435167936541,-3.13104957050162,-3.82419675106157,-3.48772451444035,-4.13435167936541
"argillaceus",42.65,-3.08359661999506,-1.92044581018938,-1.92044581018938,-2.0539772028139,-1.98498433132695,-2.29513925963079,-1.51106680276008,-1.98107043200581,-1.74859555326272,-2.12808517496762
"aurifer",51.585,-3.68653994302328,-2.27177829781958,-2.18929958880082,-2.12908880669742,-2.19916429798596,-2.74893425016142,-1.76629202776728,-2.53052826719777,-2.19752494784942,-2.67701373204848
"bahorucoensis",45.16,-3.19772246173897,-2.32225372438507,-2.09911017307086,-1.71611792081475,-2.09911017307086,-2.50457528117902,-1.6254096819438,-2.31855686250374,-1.97394703011685,-2.50457528117902
"baracoae",151,-5.61171104443571,-4.82325368407144,-4.73624230708181,-4.91856386387577,-4.1301065035115,-4.65619959940828,-3.12680439464771,-3.72464139540333,-3.45994884117625,-4.33077719897365
"benedikti",48.3275,-2.59377120018089,-2.56786895452614,-2.22519489057024,-2.144612088604,-1.87679647466986,-2.77726349395094,-2.34376046242775,-2.45533223808486,-2.59169649947722,-3.00633617691948
"bicaorum",62.9,-3.31067258678065,-2.93466883227302,-2.78677339196356,-2.52512181535921,-2.42631656455236,-3.16940117118853,-2.29759302483873,-2.91110956930456,-2.74186252730684,-3.27141157489518
"binotatus",49.96,-2.93039343224565,-2.93039343224565,-2.81261039658927,-2.30178477282328,-2.11946321602932,-3.06392482487017,-2.11946321602932,-2.81261039658927,-2.52492832413749,-2.93039343224565
"biporcatus",84.62,-3.86625732954609,-3.76089681388827,-3.66558663408394,-3.66558663408394,-3.2302685628261,-3.86625732954609,-2.66031408123286,-3.3534612617928,-3.01895946915889,-3.3554317057801
"bombiceps",62.155,-3.37308485394375,-2.84264887360112,-2.67402044456031,-2.64175118399152,-2.50021323797308,-3.43197637177194,-2.47585193853085,-3.10223342277854,-2.88267022743789,-3.43197637177194
"boulengerianus",53.3733333333333,-3.26217501128375,-2.94321363500395,-2.91223430311753,-2.45857545207233,-2.18066048741149,-2.94321363500395,-2.10485250494046,-2.75348922129223,-2.55078619749406,-3.06624612298305
"bremeri",62.47,-3.72496941459135,-3.19598106239733,-3.00514133147355,-2.68713097818789,-2.84160035932406,-3.34664277031168,-2.28311823959428,-2.89663478406011,-2.70487914969416,-3.26287129421805
"brevirostris",47.71,-3.52887891106761,-2.04385431890465,-1.98875670011115,-1.8910210506499,-2.10216813540343,-2.68282852296534,-1.63102271815807,-2.43032114242419,-2.12237634267557,-2.58081811925868
"caceresae",52.72,-3.31645490029544,-3.40761567869242,-3.31645490029544,-2.75797418662729,-2.91098979218728,-3.40761567869242,-2.07080861636153,-2.76395579692148,-2.5062110259851,-2.91098979218728
"carolinensis",63.765,-3.79607119900267,-3.06290266460596,-3.05526892854056,-2.89466654629535,-2.79758853907487,-3.14642970693754,-2.09544516522265,-2.69743156738562,-2.36497075853793,-2.89466654629535
"casildae",103,-4.15346216670519,-3.81698993008398,-3.68345853745945,-3.5116082805328,-3.36500480634092,-3.8910979022377,-3.27799342935129,-3.97114060991123,-3.62283391564302,-4.15346216670519
"caudalis",46.945,-3.28506623735043,-2.08237609283675,-1.98118288608315,-1.96967882676147,-2.10049086270261,-2.53405846825826,-1.71100599619917,-2.23285842403142,-2.09655377346058,-2.44289768986128
"chamaeleonides",161.5,-5.74500119047216,-5.50999937584929,-5.76541218773228,-5.90925322395817,-3.90457754926382,-4.50254786557815,-3.55674546347927,-4.24315096887057,-3.87903171868496,-4.43996629410115
"charlesmyersi",78.01,-3.95422498447446,-3.12754641129,-3.00976337563361,-3.00976337563361,-2.76464091760063,-3.26107780391452,-2.4036275720633,-3.00976337563361,-2.72208130318183,-3.33518577606824
"chlorocyanus",68.66,-3.85326048216293,-3.24712467859261,-3.16011330160298,-3.00596262177572,-3.00596262177572,-3.44779537405476,-2.14608225507121,-2.75221805864152,-2.50952573546183,-3.00596262177572
"christophei",48.588,-2.775874378684,-2.32384512983807,-2.13809434955959,-2.02541877812138,-1.67721637050489,-2.45435750992704,-1.87797242839116,-2.33040836406296,-2.21319223533199,-2.62541071593432
"chrysolepis",70.15,-3.23753196814412,-3.28518705804628,-3.12596019248702,-2.84745268936933,-2.68445222099237,-3.66625708406973,-2.64711442999197,-3.19642057432603,-3.07692958589891,-3.54059986992928
"chrysops",65.5833333333333,-3.88333648272868,-3.25431326638456,-2.9885988899659,-2.7822641582947,-2.51589890543826,-3.32120349820527,-2.08966654439748,-2.92073502859838,-2.40386749335869,-3.04428358485362
"compressicauda",48.45,-3.24629062058556,-3.56059495029675,-3.56059495029675,-2.9523972881345,-2.38490732171501,-2.93421346604906,-1.98114579276765,-2.60752727701534,-2.42196130779187,-3.07805450227495
"crassulus",50.0616666666667,-3.34152207966685,-3.25036130126987,-3.22466952129866,-2.70221660182183,-2.51719276687315,-3.34152207966685,-2.01802510019778,-2.57420434026608,-2.37438154830593,-2.83828061297163
"cristifer",78.12,-3.95776853941135,-3.5057834156683,-3.13108996622688,-3.0133069305705,-2.72562485811872,-3.5057834156683,-2.6057073499337,-3.19349401483582,-2.76818447253752,-3.19562848736446
"cuvieri",132,-5.17446170391816,-5.01653522920892,-4.81380267515484,-4.81380267515484,-3.9900078359556,-4.64955064166882,-3.41212248470157,-4.15292475516368,-3.58543478874419,-4.47071341953292
"desechensis",51.45,-3.45934364075561,-2.67088628039134,-2.29619283094993,-2.02425911546629,-2.29619283094993,-2.87155697585349,-1.77294468718538,-2.58387490340171,-2.12434257402327,-2.67088628039134
"desiradei",66.18,-3.96962088068209,-3.29139147152036,-2.93867375306809,-2.62923863573289,-2.52864832226588,-3.19538067850051,-2.07653853735654,-2.86333613715787,-2.44466896042756,-3.00713198385457
"distichus",46.975,-3.41962277130311,-2.0096171345541,-1.91095788202024,-1.88211616694763,-1.96318849559296,-2.53654667428811,-1.59310680014618,-2.26146666679149,-2.0521464227887,-2.38044697180892
"dominicensis",52.596,-3.68091390137802,-2.37091000043708,-2.26719194593655,-2.25645350476385,-2.24681308440028,-2.77479763557861,-1.91145620503675,-2.62501032133435,-2.29074855306782,-2.75372553244705
"dunni",58.75,-3.53999267340622,-2.9338568698359,-2.84684549284627,-2.49853879857806,-2.33601986908028,-3.25231060095444,-2.15936404982201,-2.62936767906774,-2.62370194153206,-2.9338568698359
"eladioi",62.57,-3.75019801665039,-3.06029073698643,-2.91991755488111,-2.87221727366756,-2.75162059213239,-3.22584126056264,-2.05938267232805,-2.74917974093682,-2.41586642210576,-2.86853399493869
"ernestwilliamsi",76.81,-4.51495321109732,-3.34405030802366,-3.13284297481269,-2.84885095600972,-2.95157294311712,-3.38407166186042,-2.57829225985881,-3.38301121607586,-2.89889268528821,-3.38755599651847
"etheridgei",40.1433333333333,-2.34261385090576,-2.14391869500015,-1.98116574528229,-1.86704175903282,-1.52864313150071,-2.3777340227917,-1.86691364808022,-2.09005719939443,-2.14668496260505,-2.49662567077128
"eulaemus",98,-3.58393551834133,-3.71746691096585,-3.71746691096585,-3.17847041023316,-3.31200180285768,-3.71746691096585,-3.06068737457678,-3.6484740394789,-3.52331089652489,-3.95862896778274
"extremus",67.72,-3.67064921155228,-3.26631917771138,-3.13165271081959,-2.85184481685188,-2.78507912053962,-3.1751583993144,-2.16893388352406,-2.90973615398616,-2.57203692288417,-3.09163135698282
"fairchildi",74.68,-4.42654100398053,-3.73339382342058,-3.73339382342058,-3.73339382342058,-2.9796220210442,-3.51025027210637,-2.31409316583252,-3.10255052619679,-2.67734114917127,-3.32792871531242
"fasciatus",68.19,-3.32825780359323,-2.99178556697201,-2.85825417434749,-2.68640391742083,-2.29863838641207,-2.85825417434749,-2.45034108460069,-3.14348826516063,-2.92279269548506,-3.43361831925105
"fowleri",73.41,-3.98590523781885,-3.58044012971069,-3.37976943424853,-3.13860737743165,-2.64217049111776,-3.13860737743165,-2.6018810252335,-3.07188465447923,-2.94445136299069,-3.21271534958537
"fuscoauratus",42.03,-2.46541797320414,-2.17773590075236,-1.95459234943815,-1.89005382830058,-1.48458872019241,-2.17773590075236,-1.61812011281693,-2.17773590075236,-1.95459234943815,-2.46541797320414
"gadovii",74.67,-3.56268253194203,-3.29411106590035,-3.17608758782529,-2.92842686921027,-2.95079481613097,-3.21058402356876,-2.51787789729638,-3.3288081135127,-2.95079481613097,-3.46234718421095
"garmani",117,-4.91917768360742,-4.40835205984143,-4.22603050304748,-4.22603050304748,-3.71520487928148,-4.22603050304748,-2.97326753455211,-4.00288695173327,-3.41510028683115,-4.07187982322022
"gemmosus",62.4,-3.05475561400345,-2.74460068569961,-2.61943754274561,-2.61943754274561,-2.23377506193362,-2.74460068569961,-2.41079867763428,-2.74727091425549,-2.88770152934029,-3.2554263094656
"gorgonae",55.325,-2.81888777396933,-2.47231418368936,-2.32226188746419,-2.37942030130414,-2.15138724060316,-2.68770564173559,-2.03310705989753,-2.61468246480037,-2.44004492312057,-3.13319210368052
"gracilipes",51.9,-2.88671693902677,-2.88671693902677,-2.59903486657499,-2.08820924280899,-2.03941907863956,-2.78135642336894,-2.04262935426981,-2.88992721465701,-2.59903486657499,-3.00449997468315
"grahami",64.82,-3.58411320628844,-3.22743826234971,-2.8909660257285,-2.75743463310397,-2.63965159744759,-3.13212808254539,-2.35453692050106,-3.047684101061,-2.43898090198544,-2.82197315424155
"gundlachi",65.09,-3.34208372424535,-2.97435894412003,-2.83125810047936,-2.70609495752535,-2.59486932241513,-3.05440165179357,-2.35869365037195,-3.0518408309319,-2.83125810047936,-3.59339815252626
"hendersoni",49.102,-3.09440995484144,-2.57996022285282,-2.32771781825644,-1.9807596088091,-2.13189566940563,-2.8715378257142,-1.74981952139752,-2.26378669351218,-2.1556168178872,-2.71610515496509
"heterodermus",75.39,-4.44487170688068,-4.03940659877252,-3.89556556254663,-3.75959870480481,-3.03195508850139,-3.64015275066363,-2.59311818354528,-3.03085255222223,-2.78664363027715,-3.22916272446218
"homolechis",58.1066666666667,-3.46773743594113,-2.63549040012947,-2.44174731201081,-2.28741766126203,-2.48625777621899,-3.15705773966037,-2.17831318556487,-2.92284392606723,-2.51808353559968,-3.07853571588945
"huilae",73.1433333333333,-3.77751470038127,-3.23765127241523,-3.1090701772059,-3.01816406489121,-2.66207560609616,-3.24514222436592,-2.40594001267419,-3.06061690939703,-2.84347378138588,-3.34103624851651
"humilis",38.0783333333333,-2.60007244587426,-2.61763253181723,-2.61763253181723,-2.08436808662322,-1.71232440528847,-2.36432823952649,-1.82785072130501,-1.97661308884781,-2.09603348192656,-2.47035494772422
"imias",65.08,-3.74483436625838,-3.05168718569844,-2.82854363438423,-2.59215485632,-2.59215485632,-3.05168718569844,-2.35854000513849,-3.05168718569844,-2.76400511324666,-3.33936925815022
"immaculogularis",58.12,-3.44217210891291,-3.23156537637476,-3.17267385854656,-2.70900357451619,-2.39653410924949,-3.11999360071765,-2.14220657741026,-2.82747957948613,-2.67450713877272,-3.17267385854656
"inexpectatus",33.535,-2.42144230449833,-2.01597719639017,-1.91061668073234,-1.47288231205539,-1.14541932818552,-1.7718008124332,-1.32034862115916,-1.50267017795311,-1.64825241626485,-1.86296159083018
"isolepis",39.63,-3.44807460621762,-2.24410180189168,-2.24410180189168,-2.24410180189168,-1.77409817264595,-2.34946231754951,-1.24663949634505,-1.65210460445322,-1.5021644571623,-1.90762956527047
"jacare",71.79,-3.78877294564874,-3.33678782190568,-3.02663289360184,-3.16973373724251,-2.5566292643561,-3.65524155302421,-2.55894676249647,-3.0289503917422,-2.73895082115006,-3.43209800171
"johnmeyeri",67.46,-3.53081016907212,-3.21235643795358,-2.97119438113669,-2.90220150964974,-2.51920925739364,-3.53081016907212,-2.71987995285579,-3.41302713341573,-3.04530235329042,-3.53081016907212
"krugi",45.73,-3.44441809695005,-2.75127091639011,-2.43281718527157,-1.8862734789035,-2.43281718527157,-2.63348788073372,-1.78253370914341,-2.34214949707883,-2.05812373583016,-2.75127091639011
"laeviventris",47.31,-3.29108782938207,-2.95461559276086,-2.82108420013634,-2.33557638435463,-2.01015398392001,-2.82108420013634,-2.01366892602745,-2.41913403413562,-2.33557638435463,-2.70330116447995
"landestoyi",132,-5.16043365918465,-4.87275158673287,-5.00628297935739,-5.00628297935739,-3.65635626240838,-4.64960803541866,-3.28863148228306,-3.90767069068928,-3.6199886182375,-4.06182137051654
"latifrons",130.5,-4.80436854862479,-4.36366681218793,-4.25506240429073,-4.12571513650147,-3.47875461600703,-4.0382444117533,-3.58009904581622,-4.22056596854726,-3.95853054328925,-4.36366681218793
"lemurinus",68.44,-3.62365430272147,-3.43910557075283,-3.20256292286126,-3.03985172264394,-2.83342911494105,-3.55688860640921,-2.45944317941421,-3.29643139620005,-2.86374142584927,-3.56476278489328
"lineatopus",61.62,-3.8198814003846,-2.86436995535716,-2.65673059057892,-2.48488033365226,-2.59610596876248,-3.03142404002033,-2.13077608521663,-2.71856275011875,-2.72126911171649,-3.34987777113886
"lineatus",73.55,-4.0417283607785,-3.34650647951488,-3.34858118021856,-3.12971399588008,-2.8299851473044,-3.50461975748681,-2.48753895496046,-3.29536354117715,-2.89621641863669,-3.55730001531572
"lionotus",71.0733333333333,-3.41111381755142,-3.63950682118835,-3.63425736886563,-3.02559159024187,-2.58281160095542,-3.10302751704365,-2.88565519744979,-3.23034645329331,-3.20211135819962,-3.41446392950259
"longiceps",77.38,-3.88895061707388,-3.68621806301979,-3.80400109867618,-3.68621806301979,-3.02165008937982,-3.63353780519088,-2.14792587543374,-3.1775452926149,-2.6653674561713,-3.17761961442849
"loysiana",41.69,-3.26025766264697,-2.08160266630532,-2.0074946941516,-2.16164537397886,-1.65081975021287,-2.44932744643064,-1.46449017202138,-2.15763735258132,-1.87396330152708,-2.24865675096849
"luteosignifer",47.03,-3.27808466847288,-2.17947237980477,-2.05430923685076,-1.94308360174054,-2.24846525129172,-2.69029800357076,-1.59168571490265,-2.40261593111898,-2.17947237980477,-2.69029800357076
"lyra",60.93,-3.10460371867963,-3.10460371867963,-3.00929353887531,-2.6346000894339,-2.36266637395026,-3.46127866261836,-2.51681705377751,-2.92228216188568,-2.69913861057147,-3.46127866261836
"macrolepis",60.73,-3.2611409923082,-3.45356390276092,-3.38679820644866,-2.87454604819146,-2.73070501196557,-2.83452469435469,-2.69137114423635,-2.80294291989345,-2.87454604819146,-3.16080564457713
"maculiventris",44.02,-2.35752772045817,-1.8109840140901,-1.75969071970255,-1.75969071970255,-1.53654716838834,-2.190473635795,-2.04737279215433,-2.55819841592032,-2.190473635795,-2.6759814515767
"mariarum",52.6033333333333,-3.21226681730504,-2.65089054895981,-2.57050319668752,-2.47910362264935,-2.40866725809362,-2.94882984096718,-2.16736403927759,-2.62421270732817,-2.56852495151424,-3.03260131706081
"marsupialis",42.99,-2.9162197868447,-2.9162197868447,-3.00738056524168,-2.40539416307871,-2.26657829477957,-2.76206910701744,-2.00002676774041,-2.5108523915064,-2.26657829477957,-2.83914444693107
"maynardii",74.17,-4.20661405068287,-3.4930558728628,-3.39774569305847,-3.35424000456366,-2.99642998635766,-3.55697255861774,-2.30460899938947,-3.08891695834639,-2.61845594545817,-3.19363762231845
"mccraniei",52.0375,-3.38987372904635,-3.53682039527188,-3.59260628310043,-2.89324784254121,-2.60041094828874,-3.38987372904635,-2.17019064505687,-2.60715070388018,-2.49123153538567,-3.07779657450985
"medemi",49.2833333333333,-2.68861167175563,-2.14829775945043,-2.03591672168138,-1.9203265912461,-1.90364136775703,-2.36600102861714,-1.99634658034742,-2.49770571260618,-2.32000578095917,-2.82653297539658
"meridionalis",48.0733333333333,-2.993264864079,-2.69995716817791,-2.73921818006337,-2.3753369736127,-2.14475444021086,-3.32286400496597,-2.16470070953727,-2.44861811311613,-2.59794676447125,-2.73921818006337
"microlepidotus",43.96,-2.96229957746559,-2.18910968923211,-2.11500171707839,-2.04600884559144,-1.86368728879748,-2.67461750501381,-1.86368728879748,-2.26915239690565,-2.35616377389527,-2.55683446935743
"milleri",50.05,-3.13463885318375,-2.7535688271603,-2.56970643709764,-2.45050092537514,-2.08606829379413,-2.70591373725814,-2.11310190442927,-2.66240804876332,-2.48499736111862,-2.99079781695786
"monensis",59.745,-3.7000560152275,-2.88473595518515,-2.72710094069985,-2.37545116468786,-2.63002293347937,-3.06859834524781,-2.0702435360326,-2.88117375224893,-2.39871117250531,-3.0159180874189
"morazani",44.71,-3.17840876733786,-2.91901187063028,-2.64951362026394,-2.22586469007033,-2.2629186761472,-2.91901187063028,-1.98863570027278,-2.44678106620985,-2.30294002998396,-2.77517083440439
"neblininus",64.28,-3.90447781191195,-3.21133063135201,-2.94896636688452,-2.94896636688452,-2.46939328662263,-3.21133063135201,-2.01999548644452,-2.47198061018758,-2.51818345079206,-2.87485839473079
"nebuloides",38.96,-2.72092693891589,-2.72092693891589,-2.72092693891589,-1.94773705068241,-1.67947306408773,-2.72092693891589,-1.62231465024778,-2.02777975835594,-2.02777975835594,-2.31546183080772
"nebulosus",40.625,-2.89363172719531,-2.58155457265881,-2.51478887634655,-2.11280810289643,-1.88840739209886,-2.58155457265881,-1.90451220910997,-2.10724476316405,-2.20048454663536,-2.51478887634655
"nelsoni",66.8966666666667,-3.82188265546435,-3.19794859649715,-3.07640089196785,-2.57934289465439,-2.8369125624531,-3.55305736684203,-2.33131510357638,-3.02860312413585,-2.71666949103084,-3.32052352320559
"nicefori",52.87,-3.51212974570245,-3.04212611645671,-2.92434308080033,-2.72367238533818,-2.17712867897011,-3.17565750908123,-1.9466634366915,-2.41666706593723,-2.28835431408033,-2.55661830067501
"ocelloscapularis",41.905,-2.35842704320258,-2.17456465313992,-1.91566750659887,-1.79419441729368,-1.63585961263116,-2.35340187527583,-1.85278493547715,-2.31093030141423,-2.21458600697668,-2.6433111229023
"oculatus",70.88,-3.51068271189693,-3.51068271189693,-2.93531856699337,-2.61686483587483,-2.44981075121167,-3.22300063944515,-2.30906008491595,-3.2253508167901,-2.71217501567916,-3.31001201643478
"omiltemanus",41.24,-3.01587598863508,-2.48698084156116,-2.43430058373224,-2.07234116411889,-2.06036454360765,-2.61263805570161,-1.65786680325939,-2.14040725128118,-1.98625657145393,-2.48698084156116
"onca",91.2333333333333,-4.17720510099346,-4.0149116011289,-3.97979142924296,-3.72955241844915,-3.46384971316137,-4.137944089108,-3.57971040541168,-3.57971040541168,-3.75855621077903,-3.72955241844915
"opalinus",48.96,-3.58311885843477,-2.40446386209312,-2.48450656976666,-2.26136301845245,-1.97368094600067,-2.66682812656062,-1.47290565808818,-2.26136301845245,-1.97368094600067,-2.57151794675629
"ophiolepis",38.16,-2.67736186898806,-2.85968342578202,-3.08282697709623,-2.60028652907443,-1.7632983122886,-2.76852264738504,-1.76332847729117,-1.87490025294827,-2.11888115531991,-2.39755397502035
"orcesi",58.24,-3.70503622766867,-2.74952478264123,-2.60642393900056,-2.67541681048751,-2.22343168674445,-3.11724956276655,-2.13355086732687,-2.42123293977865,-2.37003516093633,-2.60642393900056
"ortonii",49.44,-2.90988022428421,-2.42437240850251,-2.42437240850251,-2.21673304372426,-1.99358949241005,-2.59142649316567,-1.8112679356161,-2.50441511617604,-2.0448827867976,-2.59142649316567
"pachypus",45.9225,-2.68247440654436,-2.5400323666945,-2.23958521606673,-1.97831232474898,-1.89767864255462,-2.70177181621714,-2.1842032063518,-2.35156086983745,-2.46811184858155,-2.90450437027122
"paternus",44.1725,-3.20945649315893,-2.12660873848261,-2.02278905609349,-1.86232558455039,-1.73494834258008,-2.3434604007187,-1.47135005910579,-1.87370953721432,-1.83685868946277,-2.1996428441829
"pecuarius",71.84,-3.65564685332181,-3.25250463498568,-3.12073372277097,-2.98531714624811,-2.96774912508458,-3.54200465766495,-2.1589815036945,-2.96626434163479,-2.54342723314695,-3.05003581772842
"pentaprion",67.75,-3.8252479641454,-3.05205807591191,-2.90895723227124,-2.84441871113367,-2.2158100517113,-3.05205807591191,-2.31870447487393,-3.12963469109026,-2.4815132174443,-3.13210078358545
"peraccae",47.755,-2.90259942642416,-2.52152940040072,-2.43036862200374,-2.08379503172377,-1.90234228487908,-2.35329328209011,-2.02490351389557,-2.43036862200374,-2.31327192825334,-2.77694221228371
"petersii",105,-4.41506844187517,-4.19192489056096,-3.92956062609347,-3.7864597824528,-3.55007100438857,-4.09661471075664,-3.09331260189285,-3.7864597824528,-3.31645615320706,-4.00960333376701
"pijolense",55.63,-3.35417856254622,-3.14357183000807,-2.78161241039472,-2.69808536806313,-2.42380239218872,-3.15144600849214,-2.11471979544851,-2.74110127969619,-2.66103138198627,-3.27710322263259
"placidus",43.28,-2.94359910203468,-2.15632377531785,-2.04771936742065,-1.9486844105396,-1.75914523407212,-2.19634512915461,-1.54320445219606,-1.83088652464784,-1.83090137488322,-2.01322293167717
"planiceps",63.775,-3.35857275885866,-3.29968124103047,-3.02608460706204,-2.57950044983539,-2.58835023838509,-3.79630712753561,-2.45238338064327,-3.01199916857869,-2.89490247482829,-3.35857275885866
"poecilopus",67.82,-2.91453031652147,-3.31776824945495,-3.27011315955279,-2.90568052797177,-2.67591436328255,-3.31776824945495,-2.81992729552316,-3.13423162523435,-3.05540398498746,-3.37044850728386
"polylepis",48.845,-2.95078990661113,-2.40148376227708,-2.23580519429986,-2.04606038344741,-1.94572503571633,-2.43853774835394,-2.16252166849128,-2.47682599820247,-2.47855910219071,-2.82513269247068
"porcatus",72.435,-4.35046756551524,-3.50578643406272,-3.50578643406272,-3.43845320061682,-2.90654228974239,-3.42617300128309,-2.23271576593912,-2.87261515153652,-2.5475414845408,-3.08100371507777
"porcus",147,-5.37569498756938,-5.22154430774212,-5.78116009567755,-5.55801654436334,-3.61210639530802,-4.68254780700944,-3.42978483851407,-3.87161759079311,-3.67094689533096,-4.03196024086829
"prasinorius",38.6433333333333,-2.60798655733899,-2.20252144923083,-1.95737159581395,-1.93266893842938,-1.72435596158491,-2.1930549577236,-1.09781809778283,-1.80122249789836,-1.39778072720223,-1.93266893842938
"princeps",120,-4.45898767581001,-4.1225154391888,-4.05352256770185,-3.98898404656427,-3.09801112267441,-4.1225154391888,-3.46573590279973,-4.05352256770185,-3.92835942474784,-4.27666611901606
"properus",52.4575,-3.71941480043212,-2.39877254803715,-2.23039980525825,-2.15242572261516,-2.27893880886849,-2.83966969610249,-1.73156569049784,-2.62151629345754,-2.19272868729556,-2.76005626332285
"pumilus",30.89,-2.94700585735261,-1.27302942378094,-1.27302942378094,-1.27302942378094,-1.27302942378094,-1.96617660434089,-1.00648655693218,-1.34295879355339,-1.33756794491851,-1.64772287322235
"punctatus",80.92,-3.77727487287573,-3.14128610615573,-3.03006047104551,-3.14128610615573,-2.41915138872253,-3.77727487287573,-2.47799188874547,-3.08412769231578,-2.796445619864,-3.33544212059669
"purpurescens",79.76,-3.54765726427804,-3.38060317961487,-3.11233919302019,-2.94982026352242,-2.68745599905492,-3.2375023359742,-2.54644066190527,-3.46273139377943,-2.94982026352242,-3.46064588728841
"purpurgularis",55,-3.40949618447685,-3.12181411202507,-3.12181411202507,-2.42866693146512,-2.25681667453847,-3.12181411202507,-2.31088389580874,-2.7163490039169,-2.7163490039169,-3.25534550464959
"quadriocellifer",51.145,-3.1839422367721,-2.6113760846206,-2.45629862046868,-2.26102889152294,-2.31664170907805,-2.85555246857757,-2.02182789462066,-2.57113403895472,-2.38400800606313,-2.81410863867469
"quaggulus",35.15,-2.46106555526742,-2.31378797117441,-2.52183940753208,-1.68985391220721,-1.59764316678548,-2.22476704275806,-1.59785500609258,-1.91689258155738,-2.00497360339502,-2.32591051923137
"ravitergum",50.955,-3.60551481514259,-2.3579066684479,-2.18666906510896,-2.0671986980973,-2.24469403094303,-2.70756037982488,-1.69986875771677,-2.56347923176201,-2.17151290965485,-2.72576971081295
"reconditus",89.53,-4.56596376073274,-3.77750640036847,-3.53634434355158,-3.40281295092706,-3.2309626940004,-3.69049502337884,-2.77420429150468,-3.69049502337884,-3.34218832911062,-3.87281658017279
"rejectus",35.32,-2.52371433181661,-2.81760766426767,-2.52371433181661,-1.92172792965364,-1.81015615399654,-2.52371433181661,-1.51385317832751,-1.60501395672448,-1.7905457974199,-2.11824922370845
"roatanensis",57.63,-3.09808727718199,-3.09808727718199,-2.65625452490295,-2.25078941679479,-2.46209851046199,-2.99272676152416,-2.24789505876842,-2.58436729538963,-2.52272313227843,-3.09808727718199
"rodriguezii",37.91,-1.97540649676251,-1.75100578596494,-1.78327504653373,-1.59503626091627,-1.43670145625375,-1.97540649676251,-1.56205002863012,-2.11135617296417,-1.93190080826769,-2.31849575238443
"rubribarbus",63.49,-3.69675213309291,-2.78046140121876,-2.65529825826475,-2.49277932876698,-2.44398916459755,-2.84945427270571,-2.19267473631664,-3.00360495253297,-2.71592288008119,-3.29128702498475
"sagrei",57.02,-3.6167373360326,-2.97627041330157,-2.74831131792038,-2.56721138690436,-2.70828996408361,-3.29246264045375,-2.19384037648448,-2.78683901257603,-2.4840107599713,-3.07763669032861
"saxatilis",64.0475,-3.80504470882151,-3.25573856448746,-3.02247891719361,-2.61604443989884,-2.80779869718044,-3.35756823367683,-2.46690528423452,-3.02136625036926,-2.78355063068362,-3.31152445231601
"scriptus",73.252,-4.09955830196198,-3.34272037517833,-3.08309635154212,-2.89212559822043,-2.97260038132813,-3.47519547955697,-2.39409014441135,-3.11079393210257,-2.78053885786994,-3.35846289001331
"scypheus",74.6333333333333,-3.65742155302266,-3.27297582357021,-3.12619170120067,-2.92190291810096,-2.84330587456626,-3.82082366521041,-2.81887840182435,-3.42300465396795,-3.14918932502966,-3.73180273679406
"semilineatus",45.9366666666667,-3.22614054126079,-3.30052172503219,-3.30052172503219,-2.2973099987912,-2.50733968032213,-3.11398312905372,-1.8913033254407,-2.27377080971988,-2.24960971757764,-2.80064737622323
"sericeus",46.42,-2.99311872739972,-2.67094021920446,-2.61204870137627,-2.29700417907987,-1.9445481680101,-2.99311872739972,-1.81383386790895,-2.37344965584437,-2.22289620692615,-2.66472895920519
"sheplani",39.75,-2.47026878710389,-1.77712160654394,-1.77712160654394,-1.84166012768151,-1.45866787542541,-1.91065299916847,-1.38002474810629,-1.66770682055808,-1.60527134961728,-1.65933857088756
"shrevei",56.5133333333333,-3.6437385112205,-3.41003339448413,-3.17373488197477,-2.54661100600219,-2.66720768753736,-3.47080724674878,-2.31152874672108,-2.76837741477166,-2.61582412759494,-3.10460315052608
"smaragdinus",62.9716666666667,-4.1897274023402,-3.37898527168717,-3.33366298577323,-3.34179467980147,-2.81202261869026,-3.34210360790969,-1.97646649579346,-2.73177066242051,-2.38677161938875,-2.88285899433308
"sminthus",49.05,-3.36172680378792,-3.10232990708034,-2.95848887085445,-2.40918272652039,-2.40621535876048,-3.02525456716671,-2.07916163550845,-2.6284677798425,-2.36916137268362,-2.83283165671399
"spilorhipis",51.1875,-3.26617728505104,-3.51449022830361,-3.5600706175021,-2.71228385604994,-2.51724421666254,-3.2346823343359,-2.09129222537687,-2.51804678557011,-2.4559334107407,-3.07864375706765
"strahmi",72.07,-3.957627009754,-3.2840933292017,-2.99022493790628,-2.71173713699288,-2.5915253552746,-3.2840933292017,-2.44341444138835,-3.25434465760468,-2.86867723337697,-3.37387097379623
"stratulus",46.14,-3.14980913907582,-2.07781910766712,-1.85592712146197,-1.90596885074046,-1.9330024613756,-2.40900686861371,-1.60984541545527,-2.3618841138434,-1.99189397920379,-2.40900686861371
"subocularis",52.2533333333333,-3.1799223253603,-3.20291994918929,-3.15840948498111,-2.44505409714902,-2.22715798254255,-3.01800499662234,-2.05186867164409,-2.7073784837301,-2.46009424224251,-2.97874398473688
"sulcifrons",61.32,-3.33957726450462,-2.71096860508224,-2.58580546212824,-2.52864704828829,-2.47457982701801,-2.77996147656919,-2.12589564605172,-2.71368231095384,-2.47457982701801,-2.93411215639645
"terueli",38.83,-3.40644912265308,-1.94011205385965,-1.86600408170593,-1.94011205385965,-1.79701121021898,-2.55915126226587,-1.33129024276524,-2.02443742332519,-1.94011205385965,-2.20247631832714
"tigrinus",46.32,-3.24858684853319,-2.29307540350575,-2.21896743135203,-2.37311811117929,-1.96765300307112,-2.37311811117929,-1.56577856309369,-2.1535652279958,-1.96765300307112,-2.46012948816892
"tolimensis",46.025,-2.70543463367458,-2.28178570348097,-2.10763235634687,-1.9263623246513,-1.87632059537281,-2.3588610433946,-1.87640597171852,-2.35894641974031,-2.27881833572107,-2.59386285801747
"townsendi",50.25,-2.77068443333537,-2.5356826187125,-2.41858592496211,-2.21768823535251,-1.93058094167422,-2.57918830720732,-2.05314217069071,-2.4241108430554,-2.3125390673983,-2.77068443333537
"tropidogaster",52.1325,-2.76990290128025,-2.84700375009651,-2.55357380980778,-2.19138067191137,-2.08838572462903,-2.87023824901133,-2.08540984094016,-2.69454310731611,-2.51032660476203,-3.11966477985124
"tropidolepis",50.372,-2.75420453930878,-2.7059060013123,-2.51120001120627,-2.19449898209511,-2.23464166509254,-2.82352946092582,-2.40676584023634,-2.79435423611757,-2.66577186221987,-3.02622035699138
"tropidonotus",51.56,-2.99279224198235,-3.46279587122809,-3.46279587122809,-3.05955793829461,-2.43573400438031,-3.46279587122809,-2.02606389799034,-2.58567968592576,-2.36641075773467,-2.93390072415416
"ustus",39.01,-2.72220948366012,-2.43452741120834,-2.31674437555196,-2.02906230310017,-1.62359719499201,-2.43452741120834,-1.62359719499201,-2.02906230310017,-1.87491162327292,-2.31674437555196
"vanzolinii",91,-5.10969600760555,-4.41654882704561,-4.59887038383956,-4.12886675459383,-3.3179365383775,-4.01108371893744,-2.80711091461151,-3.3179365383775,-3.07281408034451,-3.50025809517145
"vermiculatus",122,-4.49204627971243,-4.08658117160427,-3.96141802865026,-3.90425961481031,-3.36064416822133,-4.39673609990811,-3.21111243425037,-3.61657754235853,-3.536534834685,-3.90425961481031
"vinosus",51.84,-3.69419838407513,-2.26514713541145,-2.16619300666336,-2.09940289748062,-2.16455365652682,-2.66466149618194,-1.73289117937405,-2.48492987776218,-2.23549569980948,-2.68467217310033
"vittigerus",56.555,-3.14896896778519,-2.9776742150575,-3.05980023180051,-2.4974650871817,-2.2254298399815,-3.18235181594132,-2.11226576828507,-2.76809301144685,-2.51359971746609,-3.1195232088711
"wilsoni",49.485,-3.19819801375703,-3.49209134620809,-3.60366312186519,-2.91839011978932,-2.28413445705756,-3.21228345224038,-2.19068413000475,-2.50498845971594,-2.46502947936032,-2.97728163761751
"zeus",38.59,-2.36687747333863,-1.88912175082491,-1.75080563269232,-1.6579117503071,-1.55930950656426,-2.09322982156494,-1.59850614167323,-2.14781228600728,-2.09322982156494,-2.47844924899574
