"","bio.1","bio.10","bio.11","bio.12","bio.13","bio.14","bio.15","bio.16","bio.17","bio.18","bio.19","bio.2","bio.3","bio.4","bio.5","bio.6","bio.7","bio.8","bio.9","species","sample.length"
"1",26.091667175293,27.466667175293,24.5833339691162,1113,148,41,41.3921775817871,430,141,258,197,7.20000028610229,69.9029083251953,122.452835083008,31.1000003814697,20.7999992370605,10.3000011444092,26.7000007629395,24.6000003814697,"acutus",1
"2",26.5083332061768,27.2999992370605,25.3833332061768,2075,286,74,38.8520050048828,753,259,603,358,5.48333263397217,70.2991485595703,83.4438629150391,30.3999996185303,22.6000003814697,7.79999923706055,26.4500007629395,25.75,"aeneus",1
"3",17.5641667197732,17.9280392366297,17.3082351572373,2073.70588235294,319.023529411765,44.5529411764706,58.4047171648811,919.211764705882,200.541176470588,817.976470588235,444.470588235294,8.68362748763141,90.2446396771599,25.2467803057502,22.3352940952077,12.7105882083668,9.62470588684082,17.7613725325641,17.5,"aequatorialis",85
"4",NA,NA,NA,NA,NA,NA,NA,NA,NA,NA,NA,NA,NA,NA,NA,NA,NA,NA,NA,"aff.danieli",0
"5",25.7999992370605,26.6166667938232,25.033332824707,2676,365,113,33.6648139953613,849,460,580,712,7.19999980926514,80,64.772331237793,30.6000003814697,21.6000003814697,9,25.2666664123535,25.2333335876465,"agassizi",1
"6",NA,NA,NA,NA,NA,NA,NA,NA,NA,NA,NA,NA,NA,NA,NA,NA,NA,NA,NA,"agueroi",0
"7",20.7249997456869,22.9666665395101,17.9833335876465,1575.66666666667,237.333333333333,24.3333333333333,65.9359308878581,645,101.333333333333,608.666666666667,101.333333333333,8.62222226460775,60.0168800354004,206.71364847819,27.4666665395101,13.1000000635783,14.3666664759318,22.5,17.9833335876465,"ahli",3
"8",24.0166664123535,25.7333335876465,22.0833339691162,1350,219,26,61.0882415771484,545,93,411,93,8.21666622161865,64.1927108764648,149.580215454102,29.8999996185303,17.1000003814697,12.7999992370605,25.3166656494141,22.0833339691162,"alayoni",1
"9",21.9375,23.8166656494141,19.8333339691162,1717,258,68,42.6673011779785,613,216,485,245,7.22500038146973,59.7107429504395,164.512008666992,27.6000003814697,15.5,12.1000003814697,23.4333343505859,19.9333343505859,"alfaroi",1
"10",20.1215515465572,21.4977010529617,18.3367816661966,1258.58620689655,198.896551724138,35.2068965517241,50.3891785720299,463.379310344828,121.379310344828,388.793103448276,134.689655172414,11.0649425901216,73.472953007139,129.206792634109,27.1068965648783,12.0482758818002,15.0586206830781,21.2218390497668,18.5264369372664,"aliniger",29
"11",NA,NA,NA,NA,NA,NA,NA,NA,NA,NA,NA,NA,NA,NA,NA,NA,NA,NA,NA,"allisoni",0
"12",NA,NA,NA,NA,NA,NA,NA,NA,NA,NA,NA,NA,NA,NA,NA,NA,NA,NA,NA,"allogus",0
"13",18.164297356325,18.9091504040886,17.3490195554846,3205.36274509804,456.764705882353,90.4117647058823,45.3515111698824,1166.74509803922,354.617647058824,664.205882352941,829.313725490196,9.4815359396093,80.1721756879021,64.4579431496414,24.2352940802481,12.405882358551,11.829411721697,18.0535947107801,18.2947711103103,"altae",102
"14",NA,NA,NA,NA,NA,NA,NA,NA,NA,NA,NA,NA,NA,NA,NA,NA,NA,NA,NA,"altavelensis",0
"15",18.953125,20.6916666030884,16.9124994277954,1796.75,267.25,54.5,49.6663064956665,650.75,188.5,570.75,188.5,8.23541665077209,63.231948852539,155.092353820801,25.1500000953674,12.125,13.0250000953674,20.3499999046326,16.9124994277954,"altitudinalis",4
"16",24.692221959432,26.0599999745687,23.2033334096273,921.933333333333,148,21,60.3580655415853,394.4,72.4,313.733333333333,72.8,10.7755556106568,75.4383387247722,114.260391235352,31.5266668955485,17.2399998982747,14.2866669972738,25.7733333587646,23.2422222137451,"alumina",15
"17",NA,NA,NA,NA,NA,NA,NA,NA,NA,NA,NA,NA,NA,NA,NA,NA,NA,NA,NA,"alutaceus",0
"18",21.591667175293,23.4500007629395,19.1833343505859,1119,213,14,85.0734786987305,573,53,311,76,12.6333332061768,67.9211502075195,174.040649414062,30.8999996185303,12.3000001907349,18.5999984741211,22.6499996185303,21.283332824707,"alvarezdeltoroi",1
"19",NA,NA,NA,NA,NA,NA,NA,NA,NA,NA,NA,NA,NA,NA,NA,NA,NA,NA,NA,"amplisquamosus",0
"20",20.4166660308838,20.716667175293,19.8833332061768,1448,219,29,53.9961776733398,572,116,469,118,7.53333330154419,81.0035781860352,37.8594017028809,24.6000003814697,15.3000001907349,9.30000019073486,20.6166667938232,20.1166667938232,"anatoloros",1
"21",NA,NA,NA,NA,NA,NA,NA,NA,NA,NA,NA,NA,NA,NA,NA,NA,NA,NA,NA,"anchicayae",0
"22",22.6458339691162,24.3500003814697,20.716667175293,1579,253,68,38.8023109436035,557,239,381,314,7.32500028610229,62.0762672424316,149.825042724609,28.2000007629395,16.3999996185303,11.8000011444092,23.25,21.3999996185303,"anfiloquiae",1
"23",NA,NA,NA,NA,NA,NA,NA,NA,NA,NA,NA,NA,NA,NA,NA,NA,NA,NA,NA,"angusticeps",0
"24",NA,NA,NA,NA,NA,NA,NA,NA,NA,NA,NA,NA,NA,NA,NA,NA,NA,NA,NA,"anisolepis",0
"25",27.0833339691162,27.6499996185303,26.7333335876465,1516,225,17,58.3706130981445,636,97,198,618,9.33333301544189,78.4313659667969,42.229549407959,33.2000007629395,21.2999992370605,11.9000015258789,26.8999996185303,27.3500003814697,"annectens",1
"26",19.8208332061768,20.3500003814697,19.2666664123535,2736,362,86,38.6340065002441,973,315,722,709,8.84166622161865,87.5412521362305,45.550106048584,25,14.8999996185303,10.1000003814697,19.6333332061768,19.4333324432373,"anoriensis",1
"27",15.3375005722046,15.5666675567627,15,2193,302,82,38.5282402038574,762,314,513,762,7.55833339691162,87.8875961303711,25.147289276123,19.7000007629395,11.1000003814697,8.60000038146973,15,15.3999996185303,"antioquiae",2
"28",23.7666664123535,24.033332824707,23.4166660308838,1574,215,51,36.5788421630859,511,229,230,511,10.8833332061768,88.4823913574219,25.7022476196289,30.2999992370605,18,12.2999992370605,23.4166660308838,23.9500007629395,"antonii",2
"29",NA,NA,NA,NA,NA,NA,NA,NA,NA,NA,NA,NA,NA,NA,NA,NA,NA,NA,NA,"apletophallus",0
"30",18.4958324432373,18.7666664123535,18.2333335876465,1753,298,62,44.4154930114746,619,264,460,619,9.14166641235352,87.0634841918945,22.6091613769531,23.7000007629395,13.1999998092651,10.5000009536743,18.2333335876465,18.4833335876465,"apollinaris",1
"31",NA,NA,NA,NA,NA,NA,NA,NA,NA,NA,NA,NA,NA,NA,NA,NA,NA,NA,NA,"aquaticus",0
"32",NA,NA,NA,NA,NA,NA,NA,NA,NA,NA,NA,NA,NA,NA,NA,NA,NA,NA,NA,"argenteolus",0
"33",NA,NA,NA,NA,NA,NA,NA,NA,NA,NA,NA,NA,NA,NA,NA,NA,NA,NA,NA,"argillaceus",0
"34",13.2291669845581,14.5666666030884,11.6000003814697,1699,324,26,65.9090347290039,729,94,563,94,10.0249996185303,72.1222991943359,121.214660644531,19.5,5.59999990463257,13.8999996185303,14.4333333969116,11.6000003814697,"armouri",1
"35",NA,NA,NA,NA,NA,NA,NA,NA,NA,NA,NA,NA,NA,NA,NA,NA,NA,NA,NA,"auratus",0
"36",19.9166660308838,21.466667175293,18.1166667938232,2153,429,69,60.5394477844238,876,211,598,211,9.06666660308838,68.1704177856445,134.912994384766,26.2000007629395,12.8999996185303,13.3000011444092,21.1333332061768,18.1166667938232,"aurifer",1
"37",14.027777671814,15.4611107508342,12.2999998728434,1647,307.666666666667,29,63.7661221822103,699.666666666667,101.333333333333,543.333333333333,101.333333333333,10.027777671814,70.7781575520833,128.37126159668,20.4666659037272,6.30000003178914,14.1666657129923,15.2999998728434,12.2999998728434,"bahorucoensis",3
"38",NA,NA,NA,NA,NA,NA,NA,NA,NA,NA,NA,NA,NA,NA,NA,NA,NA,NA,NA,"baleatus",0
"39",24.7041664123535,26.533332824707,22.716667175293,2341,314,117,35.030834197998,869,369,499,632,6.90833330154419,59.5545959472656,159.351791381836,30.2000007629395,18.6000003814697,11.6000003814697,24.2333335876465,23.283332824707,"baracoae",1
"40",19.3208332061767,20.5555553436279,17.75,1213.33333333333,183.333333333333,27.3333333333333,59.2921040852865,512,89.6666666666667,429.333333333333,89.6666666666667,10.5861110687256,74.5517044067383,114.175453186035,25.8999996185303,11.7000001271566,14.1999994913737,20.4611110687256,17.75,"barahonae",3
"41",23.3708324432373,25.8333320617676,20.466667175293,1596,218,70,43.9740447998047,593,221,574,223,8.54166698455811,58.504566192627,222.97021484375,30.5,15.8999996185303,14.6000003814697,25.7999992370605,20.6833343505859,"barbatus",1
"42",14.5749998092651,15.9166669845581,12.9333333969116,1630,306,28,64.2021255493164,694,99,537,99,9.88333320617676,72.1411209106445,121.365348815918,20.8999996185303,7.19999980926514,13.6999998092651,15.7666664123535,12.9333333969116,"barbouri",1
"43",25.0750007629395,27.1000003814697,22.9333343505859,1303,275,1,109.059898376465,806,6,373,23,14.2333335876465,66.8231582641602,166.658340454102,35.4000015258789,14.1000003814697,21.3000011444092,25.6000003814697,22.966667175293,"barkeri",1
"44",23.7062501907349,26.0333328247071,20.8416662216186,1557,215.5,55,51.5777893066406,604,186.5,601,186.5,9.61250019073486,62.4188327789306,214.879577636718,30.8499994277954,15.4499998092652,15.3999996185303,26.0166664123535,20.8416662216186,"bartschi",2
"45",NA,NA,NA,NA,NA,NA,NA,NA,NA,NA,NA,NA,NA,NA,NA,NA,NA,NA,NA,"beckeri",0
"46",14.6350964032686,15.2320511524494,13.8384614357581,2909.15384615385,469.230769230769,73.2307692307692,55.1025766225962,1149.03846153846,258.653846153846,740.423076923077,372.653846153846,9.25224329875066,78.8475746741662,57.0217675429124,20.3307694655198,8.59615391951341,11.7346155826862,14.6756409131563,14.2987178655771,"benedikti",26
"47",27.3875003814697,28.8399997711181,25.370000076294,2517.6,393.8,74,56.730322265625,1169.8,280.6,340.2,852.8,7.21833353042602,65.6212127685547,149.237963867188,32.7000007629395,21.7000007629395,11,26.3566661834717,28.7133338928223,"bicaorum",5
"48",26.6875,27.1499996185303,25.8500003814697,1068,168,23,49.3117599487305,442,107,169,347,7.79166650772095,81.1631927490234,57.9233360290527,31.2000007629395,21.6000003814697,9.60000038146973,26.1499996185303,26.9333343505859,"bimaculatus",1
"49",22.4125003814697,22.9500007629395,22,2330,464,19,71.7744216918945,1222,175,295,1222,7.24166631698608,82.2916717529297,38.0863151550293,26.8999996185303,18.1000003814697,8.79999923706055,22,22.5666656494141,"binotatus",1
"50",NA,NA,NA,NA,NA,NA,NA,NA,NA,NA,NA,NA,NA,NA,NA,NA,NA,NA,NA,"biporcatus",0
"51",NA,NA,NA,NA,NA,NA,NA,NA,NA,NA,NA,NA,NA,NA,NA,NA,NA,NA,NA,"birama",0
"52",26.1416664123535,27.2333335876465,25.2999992370605,3480,607,49,61.5803184509277,1438,186,700,1164,9.53333282470703,76.8817367553711,76.6584243774414,32.5999984741211,20.2000007629395,12.3999977111816,25.5,26.216667175293,"biscutiger",1
"53",NA,NA,NA,NA,NA,NA,NA,NA,NA,NA,NA,NA,NA,NA,NA,NA,NA,NA,NA,"bitectus",0
"54",27.095832824707,27.8999996185303,25.9333343505859,614,100,12,58.0735092163086,239,39,227,117,7.29166650772095,75.1718292236328,84.0848541259766,31.8999996185303,22.2000007629395,9.69999885559082,27.6333332061768,26.4500007629395,"blanquillanus",1
"55",20.2000007629395,20.9833335876465,19.0166664123535,2531,351,102,43.287425994873,1001,338,694,338,11.7333335876465,78.2222213745117,83.6931686401367,27.3999996185303,12.3999996185303,15,20.6333332061768,19.0166664123535,"boettgeri",2
"56",24.9833335876465,25.6833343505859,23.8500003814697,2634,368,83,47.867733001709,1038,280,814,280,10.3999996185303,77.611946105957,79.296142578125,31.2999992370605,17.8999996185303,13.3999996185303,25.5166664123535,23.8500003814697,"bombiceps",1
"57",27.9572911262512,28.9708337783814,26.6875,507,112.5,14.75,68.0201921463013,250.75,53,118,103.75,5.33124995231628,64.9418745040893,97.6486721038819,32.0999999046326,23.9000000953674,8.19999980926514,27.708333492279,27.541666507721,"bonairensis",4
"58",25.8447914123535,27.1458330154419,24.5333333015442,1039.5,246.25,2.25,109.564363479614,617.75,10.75,325.75,10.75,12.5562498569489,74.4604587554932,105.344780921936,34.1750001907348,17.2250001430512,16.9499998092652,26.283332824707,24.5333333015442,"boulengerianus",4
"59",24.1347223917643,25.5611114501953,22.2333329518636,1296.66666666667,240,6.66666666666667,82.2957255045573,658,30,495,44.3333333333333,12.7916666666667,71.0397338867188,140.816719055176,32.2000007629395,14.1333335240682,18.0666675567627,24.977778116862,22.3333333333333,"brasiliensis",3
"60",NA,NA,NA,NA,NA,NA,NA,NA,NA,NA,NA,NA,NA,NA,NA,NA,NA,NA,NA,"bremeri",0
"61",26.2875003814697,27.8500003814697,24.3999996185303,719,115,20,52.2711143493652,278,107,123,142,10.7416667938232,70.2069702148438,142.591674804688,33.7000007629395,18.3999996185303,15.3000011444092,26.7999992370605,25.216667175293,"breslini",2
"62",NA,NA,NA,NA,NA,NA,NA,NA,NA,NA,NA,NA,NA,NA,NA,NA,NA,NA,NA,"brevirostris",0
"63",26.0499992370605,28.3500003814697,23.7666664123535,742,132,26,48.8176345825195,301,85,205,85,5.93333339691162,49.0358123779297,187.374206542969,32,19.8999996185303,12.1000003814697,26.9500007629395,23.7666664123535,"brunneus",1
"64",16.5083336830139,16.7083330154419,16.2250003814698,1746,230,66,35.070333480835,561.5,266,528.5,548.5,9.08333349227905,91.3011245727539,20.4620943069458,21.5500001907348,11.5999999046326,9.95000028610227,16.7083330154419,16.5666666030884,"calimae",2
"65",18.927083492279,20.3708329200745,17.0041666030884,3023.75,491.25,64,68.0799751281739,1386.5,223,738.75,335,11.941666841507,71.0801029205322,136.93571472168,27.2499995231628,10.4500000476837,16.7999992370606,19.958333492279,18.7708330154419,"campbelli",4
"66",NA,NA,NA,NA,NA,NA,NA,NA,NA,NA,NA,NA,NA,NA,NA,NA,NA,NA,NA,"capito",0
"67",NA,NA,NA,NA,NA,NA,NA,NA,NA,NA,NA,NA,NA,NA,NA,NA,NA,NA,NA,"carolinensis",0
"68",NA,NA,NA,NA,NA,NA,NA,NA,NA,NA,NA,NA,NA,NA,NA,NA,NA,NA,NA,"carpenteri",0
"69",18.25,18.8666667938232,17.625,2801,448.5,41,60.8222103118896,1144,172.5,486.5,387,8.89166688919067,77.6573181152344,50.5888805389404,23.9500007629395,12.5,11.4500007629394,18.1999998092651,17.9833335876465,"casildae",4
"70",24.0166664123535,25.2333335876465,22.4500007629395,1252,191,19,65.9710235595703,509,65,490,65,10.6666660308838,74.0740737915039,113.34447479248,30.7999992370605,16.3999996185303,14.3999996185303,24.9166679382324,22.4500007629395,"caudalis",1
"71",22.7875003814697,24.466667175293,20.9166660308838,1529,235,44,53.6121559143066,587,143,474,143,8.00833415985107,64.0666732788086,146.320404052734,28.5,16,12.5,24.1000003814697,20.9166660308838,"centralis",1
"72",NA,NA,NA,NA,NA,NA,NA,NA,NA,NA,NA,NA,NA,NA,NA,NA,NA,NA,NA,"chamaeleonides",0
"73",NA,NA,NA,NA,NA,NA,NA,NA,NA,NA,NA,NA,NA,NA,NA,NA,NA,NA,NA,"charlesmyeri",0
"74",NA,NA,NA,NA,NA,NA,NA,NA,NA,NA,NA,NA,NA,NA,NA,NA,NA,NA,NA,"chloris",0
"75",NA,NA,NA,NA,NA,NA,NA,NA,NA,NA,NA,NA,NA,NA,NA,NA,NA,NA,NA,"chlorocyanus",0
"76",NA,NA,NA,NA,NA,NA,NA,NA,NA,NA,NA,NA,NA,NA,NA,NA,NA,NA,NA,"chocorum",0
"77",15.6208333969116,17,13.8500003814697,1422,216,47,46.3517570495605,511,152,446,176,10.2749996185303,72.8723373413086,130.217620849609,22.1000003814697,8,14.1000003814697,16.9333343505859,14.0333337783813,"christophei",1
"78",26.9875001907348,28.0916662216187,25.5666666030884,1606,207,59.5,39.5981349945068,598.5,205,541,218,6.65833330154419,70.0834884643555,106.239002227783,31.5999994277954,22.1000003814697,9.49999904632568,27.9666662216187,25.9250001907348,"chrysops",2
"79",15.3625001907349,16.9500007629395,13.4499998092651,2110,315,59,49.9770545959473,774,215,659,215,8.14166641235352,64.1076126098633,145.307266235352,21.2999992370605,8.60000038146973,12.6999988555908,16.75,13.4499998092651,"clivicola",1
"80",27.5249996185303,28.4500007629395,26.5166664123535,1665,383,1,98.7412261962891,886,11,489,13,11.7166662216187,77.5938186645508,76.0233154296875,34.7999992370605,19.7000007629395,15.0999984741211,27.6166667938232,26.783332824707,"cobanensis",1
"81",NA,NA,NA,NA,NA,NA,NA,NA,NA,NA,NA,NA,NA,NA,NA,NA,NA,NA,NA,"coelestinus",0
"82",NA,NA,NA,NA,NA,NA,NA,NA,NA,NA,NA,NA,NA,NA,NA,NA,NA,NA,NA,"compressicauda",0
"83",27.1375001271566,27.7111117045084,26.3722222646077,1786.33333333333,304.333333333333,21.3333333333333,63.1202201843262,790,90.6666666666667,416.333333333333,227.666666666667,4.60833326975505,75.1380793253581,54.9426485697428,30.2000001271566,24.0666669209798,6.13333320617676,27.1166667938232,26.9500001271566,"concolor",3
"84",26.2416667938232,28,24.1000003814697,1038,156,25,56.2812957763672,414,90,351,90,9.13333320617676,66.6666641235352,160.026031494141,32.7000007629395,19,13.7000007629395,27.6833324432373,24.1000003814697,"confusus",1
"85",27.0041664123535,28.6133335113525,25.1866664886475,1455,235,30.4,59.3940162658691,613.6,122.4,530,155.8,6.93499946594238,64.2129638671875,141.093176269531,32.2999992370605,21.5,10.7999992370605,28.1900009155273,25.8533336639404,"conspersus",5
"86",NA,NA,NA,NA,NA,NA,NA,NA,NA,NA,NA,NA,NA,NA,NA,NA,NA,NA,NA,"cooki",0
"87",NA,NA,NA,NA,NA,NA,NA,NA,NA,NA,NA,NA,NA,NA,NA,NA,NA,NA,NA,"crassulus",0
"88",NA,NA,NA,NA,NA,NA,NA,NA,NA,NA,NA,NA,NA,NA,NA,NA,NA,NA,NA,"cristatellus",0
"89",27.4458332061768,28.3166656494141,26.5,1989,426,3,94.8450927734375,1014,15,262,78,10.5249996185303,76.2681198120117,73.8690185546875,34.0999984741211,20.2999992370605,13.7999992370605,27.4499988555908,26.533332824707,"cristifer",1
"90",NA,NA,NA,NA,NA,NA,NA,NA,NA,NA,NA,NA,NA,NA,NA,NA,NA,NA,NA,"cryptolimifrons",0
"91",22.8083324432373,24.7000007629395,20.6333332061768,1535,231,46,52.603385925293,560,149,497,149,7.78333330154419,61.2860946655273,167.112274169922,28.7999992370605,16.1000003814697,12.6999988555908,24.2999992370605,20.6333332061768,"cupeyalensis",1
"92",NA,NA,NA,NA,NA,NA,NA,NA,NA,NA,NA,NA,NA,NA,NA,NA,NA,NA,NA,"cupreus",0
"93",NA,NA,NA,NA,NA,NA,NA,NA,NA,NA,NA,NA,NA,NA,NA,NA,NA,NA,NA,"cuprinus",0
"94",20.2000007629395,20.9833335876465,19.0166664123535,2531,351,102,43.287425994873,1001,338,694,338,11.7333335876465,78.2222213745117,83.6931686401367,27.3999996185303,12.3999996185303,15,20.6333332061768,19.0166664123535,"cuscoensis",1
"95",20.1395835876465,21.7958335876465,18.112500667572,1703.5,251.25,36,53.7693004608154,657.75,136.25,428.75,252.25,9.54999971389771,67.2460651397705,152.213382720947,27.6249995231628,13.4250001907348,14.199999332428,21.2374997138977,20.1374998092652,"cusuco",4
"96",22.4604167938232,23.8999996185303,20.7833337783813,2024.5,231.5,87,29.3627328872681,655,305.5,585.5,305.5,7.25416660308838,67.1673965454102,131.466423034668,27.6500005722046,16.9000005722046,10.75,23.8000001907348,20.7833337783813,"cuvieri",2
"97",20.9291667938232,22.6000003814697,19.033332824707,1708,282,66,48.1062774658203,638,205,487,217,7.60833358764648,62.3633842468262,146.775314331055,26.6000003814697,14.3999996185303,12.2000007629395,22.283332824707,19.1666660308838,"cyanopleurus",1
"98",NA,NA,NA,NA,NA,NA,NA,NA,NA,NA,NA,NA,NA,NA,NA,NA,NA,NA,NA,"cybotes",0
"99",21.9958324432373,24.4333343505859,18.8500003814697,2209,378,56,74.2798156738281,1101,178,538,212,14.3083333969116,67.8120040893555,225.977264404297,32.2000007629395,11.1000003814697,21.1000003814697,23.25,21.783332824707,"cymbops",1
"100",NA,NA,NA,NA,NA,NA,NA,NA,NA,NA,NA,NA,NA,NA,NA,NA,NA,NA,NA,"damulus",0
"101",NA,NA,NA,NA,NA,NA,NA,NA,NA,NA,NA,NA,NA,NA,NA,NA,NA,NA,NA,"danieli",0
"102",8.10833358764648,9.48333358764648,6.44999980926514,1957,309,32,59.8321990966797,782,124,642,124,9.5,70.8955230712891,125.929878234863,14.1000003814697,0.699999988079071,13.4000005722046,9.41666698455811,6.44999980926514,"darlingtoni",1
"103",18.125,18.7416667938232,17.5083332061768,2765,447.5,27,64.5789947509765,1177.5,130.5,625,346,8.90000009536743,77.7297859191895,50.1034088134765,23.8500003814697,12.4000000953674,11.4500002861023,18.0666666030884,17.875,"datzorum",4
"104",25.8333339691162,27.1499996185303,24.2333335876465,1492,188,50,41.7124099731445,534,170,507,170,9.76666641235352,75.1282043457031,121.754852294922,32.2999992370605,19.2999992370605,13,27.0166664123535,24.2333335876465,"desechensis",1
"105",25.3833332061768,26.5,23.9833335876465,1123,140,41,34.225170135498,396,151,356,151,7.06666660308838,69.9670028686523,104.519104003906,30.2999992370605,20.2000007629395,10.0999984741211,26,23.9833335876465,"desiradei",6
"106",NA,NA,NA,NA,NA,NA,NA,NA,NA,NA,NA,NA,NA,NA,NA,NA,NA,NA,NA,"distichus",0
"107",21.2749996185303,22.8500003814697,19.4333343505859,2091,419,68,60.6019325256348,842,208,564,208,9.14999961853027,67.7777709960938,138.326049804688,27.7000007629395,14.1999998092651,13.5000009536743,22.5166664123535,19.4333343505859,"dolichocephalus",1
"108",20.6416664123535,21.2999992370605,19.7666664123535,1585,346,2,99.8793029785156,820,12,544,44,10.3000001907349,80.46875,64.976676940918,26.7999992370605,14,12.7999992370605,20.9833335876465,19.8333339691162,"dollfusianus",1
"109",NA,NA,NA,NA,NA,NA,NA,NA,NA,NA,NA,NA,NA,NA,NA,NA,NA,NA,NA,"dominicensis",0
"110",25.7291660308838,28.1000003814697,22.4833335876465,3005,478,64,59.2063751220703,1294,249,549,468,9.85833358764648,57.9901962280273,232.715744018555,35,18,17,26.7000007629395,25.1666660308838,"duellmani",1
"111",NA,NA,NA,NA,NA,NA,NA,NA,NA,NA,NA,NA,NA,NA,NA,NA,NA,NA,NA,"dunni",0
"112",NA,NA,NA,NA,NA,NA,NA,NA,NA,NA,NA,NA,NA,NA,NA,NA,NA,NA,NA,"equestris",0
"113",24.4166660308838,25.716667175293,23.0166664123535,1296,157,54,33.2031288146973,459,204,364,204,6.93333339691162,69.3333358764648,113.864624023438,29.3999996185303,19.3999996185303,10,25.1666660308838,23.0166664123535,"ernestwilliamsi",1
"114",12.5604166984558,13.9472222328186,10.8083332379659,1584.5,245.333333333333,32.3333333333333,56.0459130605062,619.166666666667,123.666666666667,524.666666666667,123.666666666667,10.1458333333333,72.212516784668,129.073048909505,18.9166666666667,4.86666671435038,14.0500000317891,13.847222328186,10.8083332379659,"etheridgei",6
"115",25.0347226460775,26.4500001271566,23.25,1550.33333333333,191,70.3333333333333,31.6748421986898,503.666666666667,231.333333333333,386,286.666666666667,10.6305554707845,71.828867594401,132.924087524414,32.033332824707,17.2333329518636,14.7999998728434,25.6500002543132,23.4722220102946,"eugenegrahami",3
"116",16.9916667938232,17.1666660308838,16.7000007629395,1737,237,98,33.4490051269531,562,318,486,491,9.13333320617676,90.4290390014648,20.979793548584,22.2000007629395,12.1000003814697,10.1000003814697,17.1666660308838,17.0833339691162,"eulaemus",1
"117",18.7124996185303,19.3500003814697,17.8166656494141,1331,308,40,64.9214553833008,525,148,257,213,8.94166660308838,77.0833282470703,63.5010719299316,24.1000003814697,12.5,11.6000003814697,19.0166664123535,18.0666675567627,"euskalerriari",1
"118",19.6958332061768,21.1499996185303,17.9833335876465,1897,276,64,49.462329864502,773,197,625,197,8.82499980926514,71.1693572998047,134.391860961914,25.5,13.1000003814697,12.3999996185303,21.033332824707,17.9833335876465,"evermanni",1
"119",26.6625003814697,27.466667175293,25.5166664123535,1962,296,78,42.9809150695801,757,252,578,298,5.92500019073486,72.2560882568359,85.2036666870117,30.6000003814697,22.3999996185303,8.20000076293945,27.3833332061768,25.9166660308838,"extremus",1
"120",25.7708339691162,28.5,22.9166660308838,1381,205,47,42.9414558410645,472,164,416,213,6.40833330154419,50.0651092529297,233.466552734375,32.0999984741211,19.2999992370605,12.7999992370605,27.5666675567627,23.6333332061768,"fairchildi",2
"121",NA,NA,NA,NA,NA,NA,NA,NA,NA,NA,NA,NA,NA,NA,NA,NA,NA,NA,NA,"fasciatus",0
"122",21.595832824707,22.8166675567627,20,1075,161,26,58.6778678894043,457,87,380,87,10.841667175293,75.2893524169922,113.487258911133,28.2999992370605,13.8999996185303,14.3999996185303,22.7000007629395,20,"favillarum",1
"123",26.3125,27.466667175293,24.8833332061768,1435,179,55,37.3687477111816,520,190,410,196,7.42500019073486,72.0873718261719,108.83943939209,31.2000007629395,20.8999996185303,10.3000011444092,27.2666664123535,25.3333339691162,"ferreus",1
"124",NA,NA,NA,NA,NA,NA,NA,NA,NA,NA,NA,NA,NA,NA,NA,NA,NA,NA,NA,"festae",0
"125",23.3708324432373,23.7999992370605,22.6166667938232,4211,436,275,15.731671333313,1265,870,963,1114,9.45833301544189,87.5771636962891,48.9646492004395,28.7999992370605,18,10.7999992370605,23.1833343505859,23.716667175293,"fitchi",2
"126",26.5703125,27.5562493801117,25.5062499046326,947,119.875,39.125,33.6275477409363,334,141.25,332.875,141.5,6.43229162693024,72.3745565414428,84.3806810379028,30.8999996185303,22.0125000476837,8.88749957084655,27.2229170799256,25.5354166030884,"forresti",8
"127",19.3462497711182,20.1366670608521,18.6499996185303,2826.7,447.7,27.6,65.9050453186035,1214.8,115.3,489.9,477.8,8.99416675567627,77.4694213867188,60.3853893280029,25.2600002288818,13.6499999046326,11.6100003242492,19.1849994659424,19.1816663742065,"fortunensis",10
"128",13.2652775446574,14.6555560429891,11.5055554707845,1531.66666666667,237.333333333333,32,55.3912340799967,595.333333333333,124,507,124,10.2527777353923,72.372194925944,129.222312927246,19.7000001271566,5.53333330154419,14.1666669845581,14.5500001907349,11.5055554707845,"fowleri",3
"129",NA,NA,NA,NA,NA,NA,NA,NA,NA,NA,NA,NA,NA,NA,NA,NA,NA,NA,NA,"fraseri",0
"130",NA,NA,NA,NA,NA,NA,NA,NA,NA,NA,NA,NA,NA,NA,NA,NA,NA,NA,NA,"frenatus",0
"131",26.2041664123535,28.1333332061768,24.0833339691162,1679,225,84,34.2215232849121,618,285,341,405,7.35833311080933,60.8126678466797,166.68505859375,32,19.8999996185303,12.1000003814697,25.6666660308838,24.8333320617676,"fugitivus",1
"132",20.2458324432373,21.033332824707,19.5166664123535,3565,545,98,42.5009346008301,1312,412,540,1031,8.80833339691162,78.6458358764648,60.6577033996582,25.8999996185303,14.6999998092651,11.1999998092651,19.6833324432373,20.6166667938232,"fungosus",4
"133",NA,NA,NA,NA,NA,NA,NA,NA,NA,NA,NA,NA,NA,NA,NA,NA,NA,NA,NA,"fuscoauratus",0
"134",26.2458343505859,27,25.2666664123535,1344,306,2,113.279991149902,828,10,557,24,9.50833320617676,79.2361068725586,69.4935607910156,32,20,12,26.6499996185303,25.8666667938232,"gadovii",1
"135",25.9395835399628,26.7937500476837,25.34375,2464.25,412,14,66.3256196975708,1048.25,93,385.75,828.625,7.85416662693024,77.6446619033813,59.9613103866577,31.3124997615814,21.1999998092651,10.1124999523163,25.4770836830139,26.1979169845581,"gaigei",8
"136",22.3541660308838,23.4166660308838,21.0666675567627,1781,307,56,50.0245208740234,682,209,468,246,8.69166660308838,73.6581954956055,97.1282577514648,28,16.2000007629395,11.7999992370605,22.9333324432373,21.1000003814697,"garmani",1
"137",20.6916675567627,22.9166660308838,17.966667175293,1575,237,23,66.1568756103516,645,100,610,100,8.61666679382324,60.2564125061035,205.225296020508,27.3999996185303,13.1000003814697,14.2999992370605,22.4500007629395,17.966667175293,"garridoi",1
"138",16.8782405853271,17.2148151397705,16.6499996185302,2021.33333333333,314.222222222222,42.6666666666667,60.124866909451,912.777777777778,187.666666666667,811.333333333333,526.777777777778,8.83425924513075,90.3512742784288,22.3468295203315,21.7333329518636,11.9555557039049,9.77777724795872,17.0833337571886,16.8277778625489,"gemmosus",9
"139",17.1594698645852,17.7575754685835,16.4651513533159,2946.45454545455,483.727272727273,41,62.1913677562367,1236.72727272727,154.636363636364,743,281.272727272727,8.87803060358221,77.5691389604048,51.9670118852095,22.7909093336626,11.3454544760964,11.4454548575661,17.1651509891857,16.8181819915772,"ginaelisae",22
"140",26.7000007629395,27.794443766276,25.5666662851969,920.333333333333,118,45,36.0185356140137,344.666666666667,137.333333333333,315.666666666667,137.333333333333,5.93888870875041,70.1423873901367,90.869384765625,31,22.5333334604899,8.46666653951009,27.4333330790202,25.5666662851969,"gingivinus",3
"141",NA,NA,NA,NA,NA,NA,NA,NA,NA,NA,NA,NA,NA,NA,NA,NA,NA,NA,NA,"godmani",0
"142",25.4310186174181,25.8296292622884,25.148148006863,4945.66666666667,552.555555555556,195.666666666667,27.2849763234456,1518,754.333333333333,1041.22222222222,1458.22222222222,6.44722202089098,88.1851119995117,27.6514059702556,29.2888887193468,21.9777783287896,7.31111039055719,25.5018522474501,25.7722223069933,"gorgonae",9
"143",NA,NA,NA,NA,NA,NA,NA,NA,NA,NA,NA,NA,NA,NA,NA,NA,NA,NA,NA,"gracilipes_Ant",0
"144",NA,NA,NA,NA,NA,NA,NA,NA,NA,NA,NA,NA,NA,NA,NA,NA,NA,NA,NA,"gracilipes",0
"145",NA,NA,NA,NA,NA,NA,NA,NA,NA,NA,NA,NA,NA,NA,NA,NA,NA,NA,NA,"grahami",0
"146",NA,NA,NA,NA,NA,NA,NA,NA,NA,NA,NA,NA,NA,NA,NA,NA,NA,NA,NA,"granuliceps",0
"147",NA,NA,NA,NA,NA,NA,NA,NA,NA,NA,NA,NA,NA,NA,NA,NA,NA,NA,NA,"greyi",0
"148",NA,NA,NA,NA,NA,NA,NA,NA,NA,NA,NA,NA,NA,NA,NA,NA,NA,NA,NA,"griseus",0
"149",18.6069444020589,19.2444438934326,17.9944445292155,2874.33333333333,484.333333333333,34.6666666666667,67.5360438028971,1289,138,608.333333333333,279,8.80833339691162,78.1811879475912,50.5736401875814,24.2333335876465,12.9666665395101,11.2666670481364,18.5444444020589,18.2222220102946,"gruuo",3
"150",26.2416667938232,28,24.1000003814697,1038,156,25,56.2812957763672,414,90,351,90,9.13333320617676,66.6666641235352,160.026031494141,32.7000007629395,19,13.7000007629395,27.6833324432373,24.1000003814697,"guafe",1
"151",20.6916675567627,22.9166660308838,17.966667175293,1575,237,23,66.1568756103516,645,100,610,100,8.61666679382324,60.2564125061035,205.225296020508,27.3999996185303,13.1000003814697,14.2999992370605,22.4500007629395,17.966667175293,"guamuhaha",1
"152",20.8354167938232,23.0833330154419,18.0833339691163,1569,236.5,24,65.9770240783692,642.5,101,606.5,101,8.63749980926513,59.9845294952393,207.371337890625,27.5999994277954,13.2000002861023,14.3999991416931,22.6166667938232,18.0833339691163,"guazuma",2
"153",19.8583335876465,21.2666664123535,18.2333335876465,2054,298,62,50.4409027099609,841,203,699,203,9.10000038146973,72.7999954223633,130.119415283203,25.7000007629395,13.1999998092651,12.5000009536743,21.1499996185303,18.2333335876465,"gundlachi",1
"154",25.9958343505859,27.1666679382324,24.6666679382324,1846,266,69,40.5463829040527,597,222,519,263,10.0749998092651,73.5401382446289,100.146682739258,32.4000015258789,18.7000007629395,13.7000007629395,26.7666664123535,24.9166679382324,"haetianus",1
"155",NA,NA,NA,NA,NA,NA,NA,NA,NA,NA,NA,NA,NA,NA,NA,NA,NA,NA,NA,"haguei",0
"156",NA,NA,NA,NA,NA,NA,NA,NA,NA,NA,NA,NA,NA,NA,NA,NA,NA,NA,NA,"hendersoni",0
"157",13.7291669845581,14.0500001907349,13.5500001907349,982,131,14,47.2491683959961,352,85,322,91,8.75833320617676,90.2920989990234,21.3688716888428,18.5,8.80000019073486,9.69999980926514,13.6333332061768,13.6000003814697,"heterodermus",1
"158",20.1749992370605,22,17.8166675567627,1323,210,19,67.4817504882812,535,79,432,111,10.533332824707,65.424430847168,171.258712768555,28.2999992370605,12.1999998092651,16.0999984741211,20.8666667938232,18.8666667938232,"heteropholidotus",1
"159",18.2229166030884,19.9333333969116,15.908332824707,1366,255,23,80.8916549682617,680,76,383.5,88.5,12.1708331108094,67.617660522461,166.927955627441,26.8999996185303,8.90000009536744,17.9999990463256,19.3083333969116,16.6000003814697,"hobartsmithi",2
"160",NA,NA,NA,NA,NA,NA,NA,NA,NA,NA,NA,NA,NA,NA,NA,NA,NA,NA,NA,"homolechis",0
"161",18.8333339691162,19.0499992370605,18.533332824707,2864,357,153,30.8173847198486,1030,469,823,963,8.93333339691162,90.2356872558594,20.4865016937256,23.7000007629395,13.8000001907349,9.90000057220459,18.6666660308838,18.8999996185303,"huilae",1
"162",NA,NA,NA,NA,NA,NA,NA,NA,NA,NA,NA,NA,NA,NA,NA,NA,NA,NA,NA,"humilis",0
"163",25.4266670227051,26.6966659545898,23.8199993133545,2103.6,255,91,30.2608291625977,655.6,310.2,613.4,349.8,9.66666660308838,75.7581253051758,120.496516418457,31.5200004577637,18.7599998474121,12.7600006103516,26.5166667938232,23.996667098999,"ignigularis",5
"164",20.9291667938232,22.6000003814697,19.033332824707,1708,282,66,48.1062774658203,638,205,487,217,7.60833358764648,62.3633842468262,146.775314331055,26.6000003814697,14.3999996185303,12.2000007629395,22.283332824707,19.1666660308838,"imias",1
"165",25.9333324432373,27.8666667938232,23.8333320617676,1805,241,89,34.2353057861328,669,301,372,446,7.01666688919067,59.4632720947266,165.890625,31.6000003814697,19.7999992370605,11.8000011444092,25.4500007629395,24.5166664123535,"inexpectatus",2
"166",NA,NA,NA,NA,NA,NA,NA,NA,NA,NA,NA,NA,NA,NA,NA,NA,NA,NA,NA,"insignis",0
"167",15.6548246082507,17.05526311774,13.8482456207275,1384.94736842105,214.105263157895,38.0526315789474,49.7642478942871,510.368421052632,135.157894736842,444.105263157895,147.894736842105,10.4157894034135,72.4909507349918,131.822408174214,22.2210525713469,7.85263159400538,14.3684210526316,16.9500000100387,14.002631588986,"insolitus",19
"168",20.2897989996548,21.1591958013074,19.5178161489552,2732.68965517241,418.448275862069,51.448275862069,59.1527114078916,1129.96551724138,212.172413793103,456.344827586207,580.448275862069,10.1232758554919,79.6526662892309,66.8268440509665,27.0241380231134,14.3206897275201,12.7034482955933,20.1448274152032,20.3701150170688,"intermedius",29
"169",NA,NA,NA,NA,NA,NA,NA,NA,NA,NA,NA,NA,NA,NA,NA,NA,NA,NA,NA,"isolepis",0
"170",NA,NA,NA,NA,NA,NA,NA,NA,NA,NA,NA,NA,NA,NA,NA,NA,NA,NA,NA,"isthmicus",0
"171",18.5270833969116,18.908332824707,17.8999996185303,1330.5,206.5,25.5,52.1472682952881,522,108,401,122.5,8.50416660308838,82.7563552856446,43.3422832489014,23.3000001907348,13.0500001907348,10.25,18.7750005722046,18.1666660308838,"jacare",4
"172",17.9416667393275,19.6380953107561,15.8666669300624,1705.71428571429,256,35.2857142857143,55.2811475481306,664.714285714286,132.428571428571,455.285714285714,236.714285714286,9.20476191384452,66.2208033970424,155.136383056641,25.1714286804199,11.2714283806937,13.9000002997262,19.0261906215123,18.0000002724784,"johnmeyeri",7
"173",25.1958332061768,27.5166664123535,22.466667175293,1414,208,32,62.4927597045898,585,121,585,121,9.125,60.4304618835449,206.743804931641,31.8999996185303,16.7999992370605,15.1000003814697,27.5166664123535,22.466667175293,"juangundlanchi",1
"174",25.2000007629395,27.033332824707,23.1666660308838,1233,186,30,56.4076309204102,475,96,415,96,8.36666679382324,63.8676795959473,156.466659545898,31.5,18.3999996185303,13.1000003814697,26.3666667938232,23.1666660308838,"jubar",1
"175",NA,NA,NA,NA,NA,NA,NA,NA,NA,NA,NA,NA,NA,NA,NA,NA,NA,NA,NA,"kahouannensis",0
"176",NA,NA,NA,NA,NA,NA,NA,NA,NA,NA,NA,NA,NA,NA,NA,NA,NA,NA,NA,"kemptoni",0
"177",25.7916660308838,27.1000003814697,24.283332824707,1939,363,76,53.2513542175293,725,239,488,239,10.3499994277954,71.8749923706055,115.499572753906,32.2000007629395,17.7999992370605,14.4000015258789,26.8666667938232,24.283332824707,"koopmani",1
"178",18.466667175293,20.3166656494141,16.1499996185303,1357,202,25,55.0402946472168,522,103,379,166,9.53333377838135,65.2968063354492,171.004150390625,25.8999996185303,11.3000001907349,14.5999994277954,19.1166667938232,18.5,"kreutzi",3
"179",22.9055556272849,24.3662393031976,21.1803419651129,1984.87179487179,252.769230769231,75.3076923076923,37.3299821217855,714.179487179487,262.948717948718,610.205128205128,265.846153846154,9.47948712569016,71.9346904265575,134.927670601087,29.1102564396002,16.0205127764971,13.0897436141968,24.1064102955354,21.2397436973376,"krugi",39
"180",23.1499996185303,23.9166660308838,22.6499996185303,3376,477,50,46.1394653320312,1292,304,504,1075,7.68333339691162,81.7375946044922,51.2125701904297,28.1000003814697,18.7000007629395,9.39999961853027,22.7000007629395,23.5666656494141,"kunayalae",1
"181",20.3333339691162,20.8833332061768,19.9166660308838,1444,171,86,20.5919036865234,428,279,374,279,10.8333339691162,85.3018341064453,39.4469413757324,26.6000003814697,13.8999996185303,12.7000007629395,20.2999992370605,19.9166660308838,"laevis",1
"182",NA,NA,NA,NA,NA,NA,NA,NA,NA,NA,NA,NA,NA,NA,NA,NA,NA,NA,NA,"laeviventris",0
"183",18.8916664123535,19.2999992370605,18.5166664123535,2035,263,86,32.8974113464355,690,310,425,690,8.78333282470703,80.5810394287109,31.754243850708,24.2999992370605,13.3999996185303,10.8999996185303,18.5166664123535,18.9166660308838,"lamari",1
"184",NA,NA,NA,NA,NA,NA,NA,NA,NA,NA,NA,NA,NA,NA,NA,NA,NA,NA,NA,"latifrons",0
"185",26.625,27.6000003814697,25.5499992370605,947,119,40,33.0567169189453,334,143,332,145,6.36666679382324,72.3484878540039,84.4366302490234,30.8999996185303,22.1000003814697,8.79999923706055,27.2666664123535,25.783332824707,"leachii",1
"186",24.9308184126149,26.4729539463892,22.957480824512,2259.45907928389,368.667519181586,51.037084398977,62.5314396006982,973.063938618926,184.690537084399,533.782608695652,347.888746803069,10.2768968206537,69.2782322086032,145.39780839203,32.4258312142414,17.4890025783988,14.9368286205984,25.6092284707462,24.596675147181,"lemurinus",782
"187",NA,NA,NA,NA,NA,NA,NA,NA,NA,NA,NA,NA,NA,NA,NA,NA,NA,NA,NA,"limifrons.cryptolimifrons",0
"188",NA,NA,NA,NA,NA,NA,NA,NA,NA,NA,NA,NA,NA,NA,NA,NA,NA,NA,NA,"limifrons",0
"189",25.966667175293,26.3666667938232,25.3500003814697,2528,309,110,31.8763732910156,831,391,534,831,9.71666717529297,85.9882049560547,41.3594741821289,32,20.7000007629395,11.2999992370605,25.3500003814697,26.0833320617676,"limon",2
"190",22.033332824707,23.1166667938232,20.7000007629395,1912,336,51,55.396369934082,743,207,522,214,9.16666603088379,75.1366195678711,99.3463439941406,27.7999992370605,15.6000003814697,12.1999988555908,23.0166664123535,20.7666664123535,"lineatopus",1
"191",27.4583339691162,28.4500007629395,26.2333335876465,578,103,14,60.5767364501953,271,54,137,94,6,68.1818237304688,94.1186981201172,32,23.2000007629395,8.79999923706055,27.4166660308838,26.6000003814697,"lineatus",1
"192",20.8291673660278,22.2583332061768,19.058334350586,1446.5,293.5,6,103.785961151123,866,30,364.5,36,13.1083335876464,72.2321319580078,127.231712341308,29.6500005722046,11.5,18.1500015258789,21.4249992370606,19.6833333969116,"liogaster",2
"193",NA,NA,NA,NA,NA,NA,NA,NA,NA,NA,NA,NA,NA,NA,NA,NA,NA,NA,NA,"lionotus",0
"194",26.1708335876465,27.8666667938232,24.3833332061768,1147,185,35,52.1260719299316,409,115,328,115,8.34166622161865,65.6824188232422,143.153732299805,32.2999992370605,19.6000003814697,12.6999988555908,27.4833335876465,24.3833332061768,"litoralis",1
"195",24.1666660308838,25.3333339691162,22.7000007629395,1615,182,80,27.6458969116211,531,251,501,301,5.83333301544189,66.2878646850586,111.362083435059,28.2000007629395,19.3999996185303,8.80000114440918,25.25,23.1000003814697,"lividus",1
"196",26.2000007629395,27.533332824707,24.8500003814697,1745,237,64,40.1704902648926,578,213,473,257,9.15000057220459,72.0472412109375,107.618843078613,32.7000007629395,20,12.7000007629395,27.033332824707,24.9833335876465,"longiceps",1
"197",26.0166664123535,27.3999996185303,24.4999990463256,855.5,143,22,59.3768177032471,374,73,309,73,10.75,75.9703979492188,114.589324951172,32.6999988555908,18.5500001907349,14.1499986648559,27.1083326339722,24.4999990463256,"longitibialis",2
"198",28.0125007629395,29.3333339691162,27.033332824707,1589,331,3,96.7982940673828,827,12,255,360,10.5083332061768,74.5271835327148,94.0291290283203,35.5,21.3999996185303,14.1000003814697,27.4500007629395,28.2999992370605,"loveridgei",3
"199",NA,NA,NA,NA,NA,NA,NA,NA,NA,NA,NA,NA,NA,NA,NA,NA,NA,NA,NA,"loysianus",0
"200",24.1000003814697,24.8999996185303,22.9166660308838,2121,275,86,36.9576873779297,775,293,633,367,5.94999980926514,70.8333358764648,85.5729522705078,28.1000003814697,19.7000007629395,8.39999961853027,24.6000003814697,23.2999992370605,"luciae",1
"201",NA,NA,NA,NA,NA,NA,NA,NA,NA,NA,NA,NA,NA,NA,NA,NA,NA,NA,NA,"lucius",0
"202",NA,NA,NA,NA,NA,NA,NA,NA,NA,NA,NA,NA,NA,NA,NA,NA,NA,NA,NA,"luteogularis",0
"203",26.625,28.3333339691162,24.5666656494141,1213,185,23,64.5969848632812,494,85,483,85,7.49999952316284,63.0252075195312,153.940658569336,32.5,20.6000003814697,11.8999996185303,27.9500007629395,24.5666656494141,"luteosignifer",2
"204",NA,NA,NA,NA,NA,NA,NA,NA,NA,NA,NA,NA,NA,NA,NA,NA,NA,NA,NA,"lynchi",0
"205",NA,NA,NA,NA,NA,NA,NA,NA,NA,NA,NA,NA,NA,NA,NA,NA,NA,NA,NA,"lyra",0
"206",22.3541660308838,24.0499992370605,20.4833335876465,1580,244,45,53.058952331543,606,152,489,152,7.95833349227905,63.6666679382324,147.532073974609,28.1000003814697,15.6000003814697,12.5,23.6833343505859,20.4833335876465,"macilentus",1
"207",26.2291660308838,27.2666664123535,25.0166664123535,1014,222,6,102.864151000977,563,19,320,19,11.5416660308838,75.4357299804688,91.1656341552734,33.5999984741211,18.2999992370605,15.2999992370605,26.8666667938232,25.0166664123535,"macrinii",1
"208",NA,NA,NA,NA,NA,NA,NA,NA,NA,NA,NA,NA,NA,NA,NA,NA,NA,NA,NA,"macrolepis",0
"209",NA,NA,NA,NA,NA,NA,NA,NA,NA,NA,NA,NA,NA,NA,NA,NA,NA,NA,NA,"macrophallus",0
"210",27.5791664123535,27.8833332061768,27.1499996185303,5813,594,288,18.0715141296387,1689,1158,1163,1531,9.65833282470703,90.2647857666016,30.1856784820557,33,22.2999992370605,10.7000007629395,27.6666660308838,27.8666667938232,"maculigula",1
"211",NA,NA,NA,NA,NA,NA,NA,NA,NA,NA,NA,NA,NA,NA,NA,NA,NA,NA,NA,"maculiventris",0
"212",20.1541659037272,21.0777772267659,19.3833338419596,2581.66666666667,481.666666666667,26.3333333333333,67.4785079956055,1125.33333333333,147,447.666666666667,402,9.44722239176432,78.0762125651042,67.4690856933593,26.466667175293,14.3666667938232,12.1000003814697,19.9222221374511,20.0722217559814,"magnaphallus",3
"213",18.7374992370605,20.1000003814697,16.966667175293,1201,181,38,46.1466369628906,429,131,391,149,10.5749998092651,73.4375,128.082443237305,25.3999996185303,11,14.3999996185303,19.9833335876465,17.1833324432373,"marcanoi",1
"214",20.8097216288249,21.2666664123535,20.25,2624.33333333333,358,106,37.5783182779948,891.666666666667,372,668.333333333333,822,10.1861111323038,87.9023971557617,41.8129196166992,26.8999996185302,15.3000001907348,11.5999994277954,20.3666667938232,21.0944436391195,"mariarum",3
"215",21.6191665649414,22.7733333587647,20.1266670227051,1667.8,201,70,30.9515876770019,574.4,246.8,556,266.4,7.2283332824707,69.5055297851563,110.680892944336,26.379999923706,15.9800001144409,10.3999998092652,22.6966667175293,20.5533332824707,"marmoratus",5
"216",23.7124996185303,25.1499996185303,22.033332824707,1492,229,26,57.4763526916504,594,109,440,109,10.7583332061768,72.2035751342773,128.153396606445,30.7000007629395,15.8000001907349,14.9000005722046,24.8833332061768,22.033332824707,"marron",1
"217",20.958333492279,21.7583332061768,20.2499995231628,3122,520.25,42.25,60.9835071563721,1278.5,186.5,630.25,604.25,10.870833158493,80.2136459350586,60.0782718658447,28.0250000953674,14.4749999046326,13.5500001907349,20.6666665077209,20.8708329200745,"marsupialis",4
"218",22.7000007629395,23.2666664123535,22.0833339691162,3663,624,36,74.1464538574219,1610,134,720,134,11.6499996185303,82.6241149902344,48.5704727172852,29.5,15.3999996185303,14.1000003814697,22.7000007629395,22.0833339691162,"matudai",1
"219",26.7624988555908,28.5,24.6833324432373,1235,186,24,64.3021011352539,497,89,492,89,7.35833358764648,62.3587608337402,155.959274291992,32.5999984741211,20.7999992370605,11.7999992370605,28.1000003814697,24.6833324432373,"maynardi",1
"220",25.2249994277954,25.625,24.9333324432373,4771,537.5,194,29.7655487060547,1498,696,984,1421.5,6.47499990463257,88.1000862121582,27.9992532730103,29.1000003814697,21.75,7.35000038146973,25.125,25.5833330154419,"medemi",2
"221",15.3375005722046,15.5666675567627,15,2193,302,82,38.5282402038574,762,314,513,762,7.55833339691162,87.8875961303711,25.147289276123,19.7000007629395,11.1000003814697,8.60000038146973,15,15.3999996185303,"megalopithecus",2
"222",24.5375003814697,26.0666675567627,22.6000003814697,749,144,12,89.5389404296875,411,47,211,47,13.1416664123535,71.4220962524414,141.808547973633,33.4000015258789,15,18.4000015258789,25.6000003814697,22.6000003814697,"megapholidotus",1
"223",19.0166664123535,19.6999998092652,18.2583332061768,1769,305,15,68.1443023681641,779,65.5,558,84.5,8.79999971389771,78.9166412353516,59.3091354370117,24.1999998092651,13.0499997138977,11.1500000953674,19.0583333969116,18.4583334922791,"menta",2
"224",23.6833343505859,26.3666667938232,21.3333339691162,1221,162,46,44.5260925292969,471,149,471,149,10.4166669845581,61.6370811462402,206.236114501953,32.2000007629395,15.3000001907349,16.9000015258789,26.3666667938232,21.3333339691162,"meridionalis",3
"225",23.7062501907349,26.0333328247071,20.8416662216186,1557,215.5,55,51.5777893066406,604,186.5,601,186.5,9.61250019073486,62.4188327789306,214.879577636718,30.8499994277954,15.4499998092652,15.3999996185303,26.0166664123535,20.8416662216186,"mestrei",2
"226",24.091667175293,25.6666679382324,22.1000003814697,1459,356,3,111.898094177246,915,13,364,14,13.8166666030884,70.8546981811523,142.379699707031,33.2000007629395,13.6999998092651,19.5,24.8166675567627,22.7000007629395,"microlepidotus",2
"227",17.7825000762939,18.3866664886475,17.1233333587646,2895.8,459.8,48,58.7868949890137,1165.8,181.2,565.6,352,8.90500030517578,77.5701705932618,51.2302993774414,23.4600006103516,11.979999923706,11.4800006866455,17.7566661834716,17.4800003051758,"microtus",5
"228",26.716667175293,27.7666664123535,25.6000003814697,2320,485,4,96.8621826171875,1268,20,681,20,12.2166662216187,75.8799133300781,85.9528045654297,34.5,18.3999996185303,16.1000003814697,26.8333339691162,25.6000003814697,"milleri",1
"229",26.904167175293,27.2166652679443,26.5499992370605,7154,755,413,16.1538772583008,2084,1447,1728,1778,9.77499961853027,92.2169723510742,25.6247615814209,32.2000007629395,21.6000003814697,10.6000003814697,26.9500007629395,27,"mirus",1
"230",26.2000007629395,27.6166667938232,24.6499996185303,1036,124,36,31.7897720336914,332,140,277,140,9.5,73.6434020996094,125.408424377441,32.7000007629395,19.7999992370605,12.9000015258789,27.3500003814697,24.6499996185303,"monensis",1
"231",20.4020833969116,21.3916673660278,19.6000003814697,2425,455,13,80.075366973877,1204,66,315,308,9.22916698455811,75.965446472168,72.1670532226562,26.8500003814697,14.6999998092652,12.1500005722046,20.2083339691163,20.5999994277955,"monteverde",2
"232",21.4020833969116,22.9916667938232,19.5333337783813,2078,416,67.5,60.7748985290527,836.5,205,565.5,205,9.17083311080933,67.6817779541016,139.756759643555,27.8500003814697,14.2999997138977,13.550000667572,22.6333332061768,19.5333337783813,"monticola",2
"233",14.7250003814697,16.6000003814697,12.25,1508,237,21,64.0631866455078,610,85,469,131,9.65000057220459,63.907283782959,178.751983642578,22.2000007629395,7.09999990463257,15.1000003814697,15.5166664123535,13.3166666030884,"morazani",3
"234",19.189582824707,21.1000003814697,16.875,1443,208,16.5,58.4593601226807,564.5,83,405.5,168,9.69583368301392,63.9983615875244,170.961669921875,26.9000005722046,11.75,15.1500005722046,19.7666664123535,19.3000001907348,"muralla",4
"235",21.2458343505859,23.6166667938232,18.6833343505859,1280,200,43,53.0622596740723,569,151,380,151,10.5083332061768,63.3032112121582,198.465225219727,29.1000003814697,12.5,16.6000003814697,22.783332824707,18.6833343505859,"nasofrontalis",1
"236",12.1569442749023,14.3055559794108,10.1333332061768,1268.66666666667,241,14,86.7409922281901,688,61.6666666666667,306,122,11.0527779261271,63.0486399332682,165.498245239258,21.8000005086263,4.26666673024495,17.5333340962728,12.7166668574015,12.2222220102946,"naufragus",3
"237",16.8111114501953,17.1277783711751,16.5999997456869,3090.66666666667,388,180.333333333333,27.5640182495117,1083.66666666667,591.333333333333,620.333333333333,970.666666666667,10.3388891220093,90.1654841105143,23.3448123931885,22.7333329518636,11.266666730245,11.4666662216187,16.6222229003906,16.6722221374512,"neblininus",3
"238",26.9333324432373,27.9500007629395,25.5499992370605,1027,236,5,106.112640380859,588,15,338,15,10,72.4637603759766,98.0800552368164,33.4000015258789,19.6000003814697,13.8000011444092,27.6666660308838,25.5499992370605,"nebuloides",3
"239",NA,NA,NA,NA,NA,NA,NA,NA,NA,NA,NA,NA,NA,NA,NA,NA,NA,NA,NA,"nebulosus",0
"240",25.7999992370605,27.3333339691162,23.6000003814697,2523,385,55,59.2168960571289,1099,195,828,378,9.38333320617676,66.0798110961914,160.736953735352,32.5,18.2999992370605,14.2000007629395,26.9833335876465,25.3999996185303,"nelsoni",1
"241",16.522221883138,17.2944450378418,15.8555558522542,1587,249,35,50.407600402832,627.333333333333,203,359.666666666667,322.333333333333,9.41666634877523,73.5677083333333,69.659797668457,23.2333335876465,10.4333333969116,12.8000001907349,16.3000005086263,16.1666660308838,"nicefori",3
"242",15.3625001907349,16.9500007629395,13.4499998092651,2110,315,59,49.9770545959473,774,215,659,215,8.14166641235352,64.1076126098633,145.307266235352,21.2999992370605,8.60000038146973,12.6999988555908,16.75,13.4499998092651,"noblei",1
"243",NA,NA,NA,NA,NA,NA,NA,NA,NA,NA,NA,NA,NA,NA,NA,NA,NA,NA,NA,"notopholis",0
"244",26.8291664123535,28.0166664123535,25.4500007629395,1134,154,44,36.0403633117676,412,153,380,171,5.75833368301392,66.1877365112305,107.544036865234,31,22.2999992370605,8.70000076293945,27.8999996185303,25.7666664123535,"nubilus",1
"245",21.7312507629395,23.1833324432373,20.0333337783814,2090,224,96.5,25.6787776947021,655,339.5,585,352.5,6.92916631698608,66.2846870422364,132.794883728028,26.7999992370605,16.3499999046326,10.449999332428,22.6333322525024,20.3916664123535,"occultus",2
"246",21.9291667938232,23.5,20.0666675567627,1459,267,17,80.5363082885742,703,63,444,133,9.84166717529297,66.9501190185547,139.584732055664,29.7999992370605,15.1000003814697,14.6999988555908,22.716667175293,21.0666675567627,"ocelloscapularis",1
"247",16.9375,18.3833332061768,15.0500001907349,1286,199,41,45.4072494506836,450,142,396,169,10.375,71.5517272949219,137.181442260742,23.6000003814697,9.10000038146973,14.5,18.2666664123535,15.2666664123535,"oculatus",1
"248",25.8125,28.3500003814697,23.0833339691162,923,173,31,52.062328338623,365,114,242,116,5.94166707992554,45.7051315307617,213.606735229492,32,19,13,26.783332824707,24.0833320617676,"oligaspis",1
"249",NA,NA,NA,NA,NA,NA,NA,NA,NA,NA,NA,NA,NA,NA,NA,NA,NA,NA,NA,"olssoni",0
"250",20.9833335876465,22.3666667938232,19.2666664123535,1238,261,4,105.451400756836,768,21,299,26,12.4499998092651,73.6686325073242,122.906707763672,29.2000007629395,12.3000001907349,16.9000015258789,21.533332824707,19.8833332061768,"omiltemanus",1
"251",NA,NA,NA,NA,NA,NA,NA,NA,NA,NA,NA,NA,NA,NA,NA,NA,NA,NA,NA,"onca",0
"252",22.3541660308838,23.4166660308838,21.0666675567627,1781,307,56,50.0245208740234,682,209,468,246,8.69166660308838,73.6581954956055,97.1282577514648,28,16.2000007629395,11.7999992370605,22.9333324432373,21.1000003814697,"opalinus",1
"253",NA,NA,NA,NA,NA,NA,NA,NA,NA,NA,NA,NA,NA,NA,NA,NA,NA,NA,NA,"ophiolepis",0
"254",23.25,25.033332824707,21.2999992370605,1458,232,36,54.7956848144531,540,122,469,122,8.03333377838135,63.2546005249023,152.568908691406,29.3999996185303,16.7000007629395,12.6999988555908,24.466667175293,21.2999992370605,"oporinus",1
"255",16.033332824707,16.2666664123535,15.6166667938232,1489,163,83,21.7116451263428,455,269,378,436,8.88333320617676,87.0915069580078,27.080114364624,21,10.8000001907349,10.1999998092651,15.8166666030884,16.1000003814697,"orcesi",1
"256",24.6124992370605,25.9166660308838,22.5,1817,279,50,56.5631332397461,799,166,719,185,10.4750003814697,68.0194778442383,150.349975585938,31.5,16.1000003814697,15.3999996185303,25.783332824707,22.5,"ortonii",1
"257",15.9645833969116,16.3250002861023,15.7416667938232,2075.5,331.5,34.5,64.9945220947265,973,177.5,843.5,459,8.67083358764648,91.7557830810547,23.7383699417115,20.5500001907349,11.0999999046326,9.45000028610229,16.2083339691162,15.9000000953674,"otongae",2
"258",26.0625,27.1000003814697,25.1499996185303,2947,317,100,26.6226711273193,899,469,682,727,8.69166660308838,77.6041717529297,77.5805892944336,31.8999996185303,20.7000007629395,11.1999988555908,26.6000003814697,26.7000007629395,"oxylophus",2
"259",20.3624992370605,21.2999992370605,19.6000003814697,2616,472,23,67.0030212402344,1138,164,479,411,9.42500019073486,77.8925552368164,67.5252532958984,26.7000007629395,14.6000003814697,12.1000003814697,20.1166667938232,20.2999992370605,"pachypus",1
"260",27.9750003814697,28.5666656494141,27.3999996185303,1173,195,11,67.2749404907227,517,55,252,368,11.6333332061768,81.9248886108398,47.3142356872559,35.0999984741211,20.8999996185303,14.1999988555908,27.6499996185303,28.216667175293,"paravertebralis",1
"261",20.3999996185303,20.7333335876465,20.1000003814697,1763,202,48,36.9925994873047,582,203,582,495,8.41666698455811,91.4855117797852,25.226245880127,25,15.8000001907349,9.19999980926514,20.7333335876465,20.3833332061768,"parilis",1
"262",18.5583324432373,20.3166656494141,16.1166667938232,1585,296,30,76.2815170288086,753,95,465,110,11.5666666030884,66.0952377319336,173.504425048828,27.1000003814697,9.60000038146973,17.5,19.6833324432373,16.8833332061768,"parvicirculatus",1
"263",24.8999996185303,27.0999984741211,22.0833339691162,1423,215,32,59.5609283447266,555,132,555,132,10.2999992370605,64.3750076293945,206.892578125,32.0999984741211,16.1000003814697,15.9999980926514,27.0999984741211,22.0833339691162,"paternus",1
"264",NA,NA,NA,NA,NA,NA,NA,NA,NA,NA,NA,NA,NA,NA,NA,NA,NA,NA,NA,"pentaprion",0
"265",NA,NA,NA,NA,NA,NA,NA,NA,NA,NA,NA,NA,NA,NA,NA,NA,NA,NA,NA,"peraccae",0
"266",NA,NA,NA,NA,NA,NA,NA,NA,NA,NA,NA,NA,NA,NA,NA,NA,NA,NA,NA,"petersii",0
"267",19.7944450378418,20.783332824707,18.5611114501953,1397,284,8.66666666666667,95.7904891967774,747,32.6666666666667,452.666666666667,32.6666666666667,11.5944442749024,76.7803904215495,91.0193837483724,26.8666661580404,11.7666664123535,15.0999997456868,20.3222217559814,18.7222226460775,"peucephilus",3
"268",26.4916667938232,27.1999988555908,26,2299,305,64,47.8020248413086,891,241,383,868,8.05000019073486,81.3131408691406,49.9013938903809,31.8999996185303,22,9.89999961853027,26.033332824707,26.75,"philopunctatus",1
"269",25.1041660308838,25.6666660308838,24.4500007629395,1943,332,7,76.8962173461914,954,45,229,88,12.4416666030884,67.9872512817383,50.6529121398926,34,15.6999998092651,18.2999992370605,25.0500011444092,24.6833324432373,"phyllorhinus",1
"270",25.4249992370605,27.8666667938232,22.716667175293,1218,195,29,62.9118728637695,477,98,403,98,7.01666641235352,55.2493476867676,212.190933227539,31.7999992370605,19.1000003814697,12.6999988555908,27.1833324432373,22.716667175293,"pigmaequestris",1
"271",NA,NA,NA,NA,NA,NA,NA,NA,NA,NA,NA,NA,NA,NA,NA,NA,NA,NA,NA,"pijolense",0
"272",27.0861110687256,27.816666285197,26.1611111958822,1612,281,27.3333333333333,57.6028849283854,692.333333333333,117.666666666667,450.333333333333,281,4.26111125946045,71.0270589192708,68.9616673787435,29.9666665395101,23.9666665395101,6,27.1888885498047,26.6222222646077,"pinchoti",3
"273",15.5479164123535,16.8250002861023,13.9833331108093,1641.5,296.5,27.5,64.3382759094239,693,92.5,543.5,92.5,10.4375,73.2491149902344,115.881343841553,21.9499998092652,7.70000004768371,14.25,16.6999998092652,13.9833331108093,"placidus",2
"274",26.3816669464111,27.1366668701172,25.5733333587646,2086.6,306.8,62.8,55.2817470550537,878.2,216.4,350.6,667.2,9.30333309173585,80.0582550048828,64.6666339874268,32.5199993133545,20.8400001525879,11.6799991607666,26,26.7066661834717,"planiceps",5
"275",19.6833343505859,19.966667175293,19.25,1050,160,55,36.3678436279297,403,181,202,211,10.4000005722046,85.9504089355469,29.567590713501,26.1000003814697,14,12.1000003814697,19.7999992370605,19.6000003814697,"podocarpus",1
"276",NA,NA,NA,NA,NA,NA,NA,NA,NA,NA,NA,NA,NA,NA,NA,NA,NA,NA,NA,"poecilopus",0
"277",22.7406249046326,23.5541663169861,22.154167175293,2582.75,474,46.5,80.5466804504395,1368.75,171.75,1190,195.5,8.11875009536743,81.1875019073486,60.328558921814,28.0500001907348,18.0500001907348,10,23.5249996185303,22.2249999046326,"poei",4
"278",26.841667175293,28,25.533332824707,1021,138,45,36.5591888427734,384,154,298,160,5.93333292007446,68.1992263793945,103.393188476562,31.1000003814697,22.3999996185303,8.70000076293945,27.5,25.8333339691162,"pogus",1
"279",NA,NA,NA,NA,NA,NA,NA,NA,NA,NA,NA,NA,NA,NA,NA,NA,NA,NA,NA,"polylepis",0
"280",NA,NA,NA,NA,NA,NA,NA,NA,NA,NA,NA,NA,NA,NA,NA,NA,NA,NA,NA,"polyrhachis",0
"281",NA,NA,NA,NA,NA,NA,NA,NA,NA,NA,NA,NA,NA,NA,NA,NA,NA,NA,NA,"poncensis",0
"282",NA,NA,NA,NA,NA,NA,NA,NA,NA,NA,NA,NA,NA,NA,NA,NA,NA,NA,NA,"porcatus",0
"283",NA,NA,NA,NA,NA,NA,NA,NA,NA,NA,NA,NA,NA,NA,NA,NA,NA,NA,NA,"porcus",0
"284",NA,NA,NA,NA,NA,NA,NA,NA,NA,NA,NA,NA,NA,NA,NA,NA,NA,NA,NA,"princeps",0
"285",18.8423614501953,19.2638889948527,18.5416669845581,2469.33333333333,388.833333333333,53.5,62.4649906158447,1128.66666666667,221.166666666667,1017.33333333333,430.166666666667,8.39583333333333,89.7934646606446,29.0784864425659,23.450000445048,14.1000000635783,9.35000038146973,19.1416667302449,18.7222220102946,"proboscis",6
"286",26.4076382319132,27.8111117680868,24.9527781804403,1171.33333333333,155.166666666667,55.1666666666667,31.7811292012532,392.833333333333,181.666666666667,306.666666666667,208.166666666667,7.94861110051473,72.8114865620931,120.006394704183,31.7999992370605,20.8833328882853,10.9166663487752,26.9916667938232,24.972222328186,"properus",6
"287",20.0125007629395,20.3999996185303,19.7000007629395,1436,173,70,28.7543830871582,462,281,363,453,9.19166660308838,89.2394714355469,29.3973617553711,25.2000007629395,14.8999996185303,10.3000011444092,19.7000007629395,20.3500003814697,"propinquus",1
"288",18.4819444020589,19.1055558522542,17.8777777353923,2740.33333333333,442,34,62.7877820332845,1139.33333333333,158.333333333333,473.333333333333,397.333333333333,8.88611125946045,77.7218373616537,50.1246541341146,24.2000007629395,12.766666730245,11.4333340326945,18.4166666666666,18.238889058431,"pseudokemptoni",3
"289",18.0108333587646,18.6233333587647,17.3799999237061,2808.6,451.6,34,62.6482948303223,1173.6,147.4,605.2,348,8.90166683197021,77.6765808105469,50.4790390014648,23.7200004577637,12.260000038147,11.4600004196167,17.9633331298828,17.7433334350586,"pseudopachypus",5
"290",21.6124992370605,24.25,18.7333335876465,1143,200,24,64.8288116455078,547,84,401,84,11.0749998092651,61.1878433227539,221.196380615234,30.1000003814697,12,18.1000003814697,23.3666667938232,18.7333335876465,"pseudotigrinus",1
"291",21.5750007629395,22.9833335876465,19.8833332061768,2277,318,76,44.9125823974609,895,265,744,265,10.5,74.4680862426758,132.003799438477,28.2000007629395,14.1000003814697,14.1000003814697,22.8666667938232,19.8833332061768,"pulchellus",1
"292",25.0791664123535,27.533332824707,22.216667175293,1336,206,48,49.9026679992676,494,163,472,169,7.94166660308838,57.1342887878418,218.158187866211,31.7000007629395,17.7999992370605,13.9000015258789,27.466667175293,22.4833335876465,"pumilus",1
"293",NA,NA,NA,NA,NA,NA,NA,NA,NA,NA,NA,NA,NA,NA,NA,NA,NA,NA,NA,"punctatus",0
"294",18.6597226460775,20.5055548350017,16.3555552164714,1351,200.333333333333,25,54.6635233561198,518.333333333333,103.333333333333,375.333333333333,167.666666666667,9.58055591583252,65.469980875651,170.277969360352,26.0999997456869,11.4666668574016,14.6333328882853,19.2999998728434,18.6888885498047,"purpurgularis",3
"295",22.4333343505859,23.3166675567627,21.4333343505859,2480,493,8,92.2824935913086,1303,34,738,34,11.8333330154419,78.8888854980469,74.0495300292969,29.7000007629395,14.6999998092651,15.0000009536743,22.7000007629395,21.4333343505859,"pygmaeus",1
"296",25.2583332061768,27.5,22.5166664123535,1371,219,41,57.0622253417969,557,141,509,141,9.64999961853027,62.6623382568359,203.691299438477,32.2999992370605,16.8999996185303,15.3999996185303,26.8333339691162,22.5166664123535,"quadriocellifer",1
"297",NA,NA,NA,NA,NA,NA,NA,NA,NA,NA,NA,NA,NA,NA,NA,NA,NA,NA,NA,"quaggulus",0
"298",NA,NA,NA,NA,NA,NA,NA,NA,NA,NA,NA,NA,NA,NA,NA,NA,NA,NA,NA,"quaggulus.humilis",0
"299",17.1708335876465,18.5499992370605,15.8666667938232,1101,205,11,88.8093795776367,580,37,335,57,11.1916666030884,73.6293869018555,106.161514282227,24.8999996185303,9.69999980926514,15.1999998092651,17.5499992370605,16.75,"quercorum",2
"300",26.533332824707,27.5833339691162,25.216667175293,1004,142,26,60.6303863525391,415,83,365,83,10.4000005722046,79.3893127441406,94.1066436767578,32.7000007629395,19.6000003814697,13.1000003814697,27.4166679382324,25.4166660308838,"ravitergum",2
"301",22.3541660308838,23.4166660308838,21.0666675567627,1781,307,56,50.0245208740234,682,209,468,246,8.69166660308838,73.6581954956055,97.1282577514648,28,16.2000007629395,11.7999992370605,22.9333324432373,21.1000003814697,"reconditus",1
"302",20.466667175293,22.1833343505859,18.5166664123535,1702,258,48,54.0949211120605,645,155,545,155,7.86666679382324,62.4338645935059,150.941482543945,26.3999996185303,13.8000001907349,12.5999994277954,21.8166656494141,18.5166664123535,"rejectus",1
"303",23.9541664123535,24.7000007629395,22.8666667938232,1683,239,61,39.2418479919434,603,214,529,306,6.80833339691162,74.0036315917969,78.1158142089844,28.3999996185303,19.2000007629395,9.19999885559082,23.9500007629395,23.283332824707,"richardi",1
"304",NA,NA,NA,NA,NA,NA,NA,NA,NA,NA,NA,NA,NA,NA,NA,NA,NA,NA,NA,"ricordii",0
"305",20.5786771213307,21.7630714715696,18.992810754215,1615.29411764706,228.078431372549,38.0392156862745,55.4149859559302,612.843137254902,129.647058823529,540.549019607843,129.647058823529,9.24330109240962,72.1911434098786,112.940812802782,26.5921569525027,13.7882355147717,12.803921437731,21.6016339320762,18.992810754215,"rimarum",51
"306",25.5208339691162,25.8666667938232,25.0499992370605,4817,581,222,25.8624172210693,1463,860,1044,1421,9.75833320617676,88.7121200561523,32.7149047851562,31.1000003814697,20.1000003814697,11,25.7333335876465,25.7333335876465,"rivalis",1
"307",NA,NA,NA,NA,NA,NA,NA,NA,NA,NA,NA,NA,NA,NA,NA,NA,NA,NA,NA,"roatanensis",0
"308",NA,NA,NA,NA,NA,NA,NA,NA,NA,NA,NA,NA,NA,NA,NA,NA,NA,NA,NA,"rodriguezii",0
"309",25.8999996185303,27.2666664123535,24.4166679382324,1160,144,44,36.2640113830566,422,154,353,154,6.73333358764648,68.7074737548828,120.056800842285,30.7000007629395,20.8999996185303,9.80000114440918,26.6166667938232,24.4166679382324,"roosevelti",1
"310",25.3041667938232,26.1666679382324,24.1000003814697,1864,253,72,43.6797065734863,698,236,588,252,6.74166679382324,73.2789840698242,88.6376495361328,29.6000003814697,20.3999996185303,9.20000076293945,25.75,24.4833335876465,"roquet",1
"311",26.0541667938232,28.1333332061768,23.5833320617676,1329,291,16,84.4618988037109,682,60,307,111,9.72500038146973,59.6625747680664,183.519393920898,34.7000007629395,18.3999996185303,16.3000011444092,26.966667175293,25.9500007629395,"rubiginosus",1
"312",21.9375,23.6333332061768,19.8999996185303,1632,278,26,63.8630218505859,677,113,456,273,10.5083341598511,68.6819229125977,153.787414550781,30.1000003814697,14.8000001907349,15.3000001907349,22.9833335876465,22.0833339691162,"rubribarbaris",1
"313",NA,NA,NA,NA,NA,NA,NA,NA,NA,NA,NA,NA,NA,NA,NA,NA,NA,NA,NA,"rubribarbus",0
"314",26.216667175293,27.9500007629395,24.0833320617676,1044,157,26,55.6027030944824,415,93,351,93,9.31666660308838,67.0263748168945,158.176147460938,32.7000007629395,18.7999992370605,13.9000015258789,27.6333332061768,24.0833320617676,"ruibali",1
"315",15.0583333969116,15.6499996185303,14.3666667938232,2272,397,70,57.8425331115723,1096,291,382,893,9.63333320617676,80.2777709960938,52.0416526794434,21.2000007629395,9.19999980926514,12.0000009536743,14.6333332061768,15.466667175293,"ruizii",1
"316",23.0583324432373,24.5,21.3666667938232,1886,379,53,61.7030296325684,768,173,518,173,9.65000057220459,70.4379577636719,127.472511291504,29.3999996185303,15.6999998092651,13.6999998092651,24.2333335876465,21.3666667938232,"rupinae",2
"317",24.2624994913737,25.5166664123535,22.7666664123535,1184,148.333333333333,50.3333333333333,33.0357259114583,423.333333333333,174.333333333333,355.666666666667,192.333333333333,6.08611106872559,66.1533813476563,114.885686238607,28.6666666666667,19.4666665395101,9.20000012715657,24.966667175293,23.1555563608805,"sabanus",3
"318",NA,NA,NA,NA,NA,NA,NA,NA,NA,NA,NA,NA,NA,NA,NA,NA,NA,NA,NA,"sagrei",0
"319",NA,NA,NA,NA,NA,NA,NA,NA,NA,NA,NA,NA,NA,NA,NA,NA,NA,NA,NA,"salvini",0
"320",15.9499998092651,16.6833343505859,15.1166667938232,1793,271,16,60.893138885498,686,88,538,89,9.55000019073486,77.6422729492188,65.4008560180664,21.6000003814697,9.30000019073486,12.3000001907349,16.2000007629395,15.3666667938232,"santamartae",1
"321",NA,NA,NA,NA,NA,NA,NA,NA,NA,NA,NA,NA,NA,NA,NA,NA,NA,NA,NA,"scapularis",0
"322",27.2708339691162,28.25,26.033332824707,1250,299,2,117.883567810059,811,8,761,19,8.0583324432373,76.0220184326172,92.0833892822266,32.0999984741211,21.5,10.5999984741211,28.0499992370605,26.5166664123535,"schiedii",1
"323",NA,NA,NA,NA,NA,NA,NA,NA,NA,NA,NA,NA,NA,NA,NA,NA,NA,NA,NA,"schmidti",0
"324",25.4375,26.6499996185303,24,1261,154,52,33.3943824768066,442,184,406,189,6.22499990463257,67.6630477905273,111.500617980957,29.7999992370605,20.6000003814697,9.19999885559082,26.5,24.3999996185303,"schwartzi",1
"325",26.1083335876465,28.283332824707,23.8999996185303,777,133,37,44.4182472229004,315,117,191,139,6.86666679382324,53.2299690246582,180.010543823242,32.2000007629395,19.2999992370605,12.9000015258789,26.9166679382324,24.5833339691162,"scriptus",1
"326",20.8624992370605,23.5,17.6000003814697,1165,214,25,68.4598236083984,577,89,521,89,11.2749996185303,62.9888229370117,246.734359741211,28.7000007629395,10.8000001907349,17.9000015258789,23.466667175293,17.6000003814697,"scypheus",1
"327",NA,NA,NA,NA,NA,NA,NA,NA,NA,NA,NA,NA,NA,NA,NA,NA,NA,NA,NA,"semilineatus",0
"328",NA,NA,NA,NA,NA,NA,NA,NA,NA,NA,NA,NA,NA,NA,NA,NA,NA,NA,NA,"sericeus",0
"329",NA,NA,NA,NA,NA,NA,NA,NA,NA,NA,NA,NA,NA,NA,NA,NA,NA,NA,NA,"serranoi",0
"330",13.1374998092651,14.5333337783813,11.3666667938232,1548,239,33,55.1090660095215,601,127,511,127,10.2583332061768,72.2417831420898,130.403656005859,19.6000003814697,5.40000009536743,14.2000007629395,14.4333333969116,11.3666667938232,"sheplani",1
"331",8.33749985694885,9.72499990463256,6.65833330154419,1931,306,29,60.0154094696045,773.5,120.5,633.5,120.5,9.57500028610229,70.9247856140136,127.129734039306,14.4000000953674,0.900000024586918,13.5,9.65000009536742,6.65833330154419,"shrevei",2
"332",NA,NA,NA,NA,NA,NA,NA,NA,NA,NA,NA,NA,NA,NA,NA,NA,NA,NA,NA,"simmonsi",0
"333",NA,NA,NA,NA,NA,NA,NA,NA,NA,NA,NA,NA,NA,NA,NA,NA,NA,NA,NA,"singularis",0
"334",21.658332824707,23.3999996185303,19.716667175293,1625,249,49,52.3160057067871,621,162,502,162,7.80000019073486,62.4000015258789,151.610061645508,27.3999996185303,14.8999996185303,12.5,23.033332824707,19.716667175293,"smallwoodi",1
"335",24.8020839691162,27.9750003814697,21.4166669845581,1280,195.5,42,57.1810359954834,524,135.5,487,135.5,7.52083373069764,50.3066730499268,271.348739624023,32.2000007629395,17.25,14.9500007629394,27.283332824707,21.4166669845581,"smaragdinus",2
"336",19.9249992370605,20.9166660308838,19.0499992370605,1994,417,3,94.4967727661133,994,18,268,75,9.16666698455811,72.1784820556641,75.1816024780273,26.5,13.8000001907349,12.6999998092651,19.7000007629395,19.8333339691162,"sminthus",1
"337",19.2916660308838,19.5666656494141,18.8500003814697,1142,188,39,50.18994140625,493,138,290,154,10.9499998092651,86.9047622680664,29.9114780426025,25.7999992370605,13.1999998092651,12.5999994277954,19.3999996185303,19,"soinii",1
"338",22.158332824707,22.8999996185303,21.2666664123535,1390,310,8,77.4568634033203,617,49,474,63,9.51666641235352,79.305549621582,67.4817657470703,27.7000007629395,15.6999998092651,12.0000009536743,22,21.5666656494141,"solitarius",1
"339",NA,NA,NA,NA,NA,NA,NA,NA,NA,NA,NA,NA,NA,NA,NA,NA,NA,NA,NA,"spectrum",0
"340",23.3875007629395,24.033332824707,22.966667175293,1135,164,10,61.7729072570801,480,38,200,87,11.2749996185303,78.8461608886719,47.2000198364258,30.5,16.2000007629395,14.2999992370605,23.0833339691162,23.283332824707,"squamulatus",1
"341",27.0541667938232,28.533332824707,25.533332824707,633,104,16,57.8086128234863,271,58,211,58,11.0749998092651,75.8561630249023,120.782661437988,34.2000007629395,19.6000003814697,14.6000003814697,28.1666679382324,25.533332824707,"strahmi",1
"342",NA,NA,NA,NA,NA,NA,NA,NA,NA,NA,NA,NA,NA,NA,NA,NA,NA,NA,NA,"stratulus",0
"343",25.90625,26.9500007629394,24.5,863,191.5,4,107.253620147705,499,14,393.5,14.5,12.0708327293396,77.3785552978516,101.511825561523,32.8999996185302,17.3000001907349,15.5999994277954,26.625,24.5666666030884,"subocularis",2
"344",26.904167175293,27.2000007629395,26.5499992370605,1926,275,63,42.6027297973633,656,279,322,632,10.841667175293,87.4327850341797,30.2608947753906,33.4000015258789,21,12.4000015258789,26.75,27.0166664123535,"sulcifrons",1
"345",25.6008335113526,26.1866664886475,24.7599998474121,2066.6,291.4,51,52.6311244964599,812.8,187.4,503.4,228.8,10.6649997711182,77.5383987426758,59.3351615905761,32.1,18.1799997329712,13.9200004577637,25.8399997711182,24.8833332061768,"tandai",5
"346",23.091667175293,23.9500007629395,21.8666667938232,1401,294,6,100.13646697998,771,26,608,26,11.1000003814697,80.4347839355469,86.3089981079102,29.5,15.6999998092651,13.8000001907349,23.6833343505859,21.8666667938232,"taylori",1
"347",20.3875007629395,21.283332824707,19.5499992370605,3397,426,75,41.2337417602539,1152,331,395,972,8.52499961853027,75.4424819946289,71.0033416748047,26.2999992370605,15,11.2999992370605,20.5499992370605,20.7666664123535,"tenorioensis",1
"348",26.7666664123535,27.9500007629395,25.25,1531,199,58,38.9396324157715,565,198,504,216,7.56666660308838,71.3836441040039,113.444679260254,31.6000003814697,21,10.6000003814697,27.9166660308838,25.7000007629395,"terraealtae",1
"349",25.1458339691162,27.216667175293,22.6166667938232,1466,228,24,66.7246627807617,615,91,560,91,10.0249996185303,65.0973968505859,185.110046386719,32.2000007629395,16.7999992370605,15.4000015258789,26.6666660308838,22.6166667938232,"terueli",1
"350",11.5416669845581,12.4166669845581,10.466667175293,1274,249,16,64.4549102783203,529,84,314,84,8.30000019073486,74.1071395874023,79.5394058227539,16.7000007629395,5.5,11.2000007629395,12.0333337783813,10.466667175293,"tetarii",1
"351",NA,NA,NA,NA,NA,NA,NA,NA,NA,NA,NA,NA,NA,NA,NA,NA,NA,NA,NA,"tigrinus",0
"352",25.75,27.716667175293,23.6000003814697,1639,217,78,33.6996269226074,594,276,342,384,7.36666679382324,59.8915939331055,169.370513916016,31.6000003814697,19.2999992370605,12.3000011444092,25.216667175293,24.3333320617676,"toldo",1
"353",22.0249996185303,22.283332824707,21.6000003814697,2294,288,59,37.9517669677734,767,272,767,703,9.58333301544189,89.5638580322266,29.8100128173828,27.5,16.7999992370605,10.7000007629395,22.283332824707,22.1666660308838,"tolimensis",2
"354",24.2333335876465,25.4500007629395,23.2333335876465,2947,761,49,80.671989440918,1346,266,584,1340,9.16666603088379,77.0308151245117,89.9579010009766,30.6000003814697,18.7000007629395,11.8999996185303,23.3333339691162,25.3833332061768,"townsendi",1
"355",24.6124992370605,25.1499996185303,23.7333335876465,1939,273,59,49.5617256164551,779,201,590,201,10.7583332061768,83.3979339599609,61.4641532897949,30.7999992370605,17.8999996185303,12.8999996185303,24.9500007629395,23.7333335876465,"trachyderma",2
"356",25.0208339691162,25.533332824707,24.1333332061768,1846,259,55,50.0806770324707,742,186,569,189,10.7416667938232,83.9192657470703,62.3209571838379,31.1000003814697,18.2999992370605,12.8000011444092,25.4333343505859,24.1499996185303,"transversalis",1
"357",26.9958343505859,27.783332824707,25.8333339691162,1914,274,77,41.2718353271484,719,249,560,386,5.94166707992554,71.5863571166992,86.1409378051758,31,22.7000007629395,8.29999923706055,27.4166660308838,26.9500007629395,"trinitatis",1
"358",NA,NA,NA,NA,NA,NA,NA,NA,NA,NA,NA,NA,NA,NA,NA,NA,NA,NA,NA,"tropidogaster",0
"359",NA,NA,NA,NA,NA,NA,NA,NA,NA,NA,NA,NA,NA,NA,NA,NA,NA,NA,NA,"tropidolepis",0
"360",22.7791662216187,23.9166660308838,21.5166664123535,1410,249.5,16,75.5681457519532,623,73,416.5,92,9.51666688919068,70.7554817199708,95.9761581420898,29.6500005722046,16.2000007629395,13.4499998092652,23.1583337783813,22.0749998092652,"tropidonotus",2
"361",27.8041667938232,28.3999996185303,27.3166675567627,1238,260,4,83.1070251464844,628,18,258,142,10.7916660308838,83.0128326416016,44.7446403503418,34.0999984741211,21.1000003814697,12.9999980926514,27.5833320617676,27.7666664123535,"umbrivagus",1
"362",NA,NA,NA,NA,NA,NA,NA,NA,NA,NA,NA,NA,NA,NA,NA,NA,NA,NA,NA,"uniformis",0
"363",NA,NA,NA,NA,NA,NA,NA,NA,NA,NA,NA,NA,NA,NA,NA,NA,NA,NA,NA,"unilobatus",0
"364",27.3854169845581,28.8416662216187,25.3666667938232,2515,392.5,74,56.5491580963134,1165,280.5,340,853,7.21250033378601,65.5681838989258,149.583656311035,32.7000007629395,21.7000007629395,11,26.3499994277955,28.7166671752929,"utilensis",2
"365",NA,NA,NA,NA,NA,NA,NA,NA,NA,NA,NA,NA,NA,NA,NA,NA,NA,NA,NA,"utowanae",0
"366",23.1958332061768,24.1666660308838,22.033332824707,1919,331,49,57.0620918273926,774,178,580,178,9.15833282470703,76.3194427490234,88.6632690429688,28.8999996185303,16.8999996185303,12,24.0666656494141,22.033332824707,"valencienni",1
"367",19.7708339691162,22.033332824707,17.033332824707,1595,239,18,68.1031951904297,656,84,628,84,8.69166660308838,59.9425277709961,207.193984985352,26.5,12,14.5,21.5166664123535,17.033332824707,"vanidicus",1
"368",15.1875,15.458333492279,14.6333332061768,1537.5,183,83,24.1849870681762,491.5,271,386,475.5,9.20000028610229,86.388355255127,36.4855604171753,20.2999992370605,9.64999985694883,10.6499991416931,14.8916673660278,15.3166670799255,"vanzolinii",2
"369",26.1083335876465,26.466667175293,25.4333343505859,3068,331,186,17.7738857269287,943,613,721,613,8.55000019073486,84.6534576416016,45.7181777954102,31.1000003814697,21,10.1000003814697,26.1666660308838,25.4333343505859,"vaupesianus",1
"370",NA,NA,NA,NA,NA,NA,NA,NA,NA,NA,NA,NA,NA,NA,NA,NA,NA,NA,NA,"ventrimaculatus",0
"371",NA,NA,NA,NA,NA,NA,NA,NA,NA,NA,NA,NA,NA,NA,NA,NA,NA,NA,NA,"vermiculatus",0
"372",22.0708332061768,23.8333339691162,20.1000003814697,1760,275,76,38.7135124206543,607,261,453,317,7.29166650772095,61.2745056152344,154.131866455078,27.7000007629395,15.8000001907349,11.9000005722046,22.6833324432373,20.2333335876465,"vescus",1
"373",24.9874992370605,25.4833335876465,24.533332824707,2477,372,25,59.7616424560547,1037,135,308,510,9.44166660308838,87.4228286743164,37.4848442077637,30.7000007629395,19.8999996185303,10.8000011444092,25.033332824707,25.25,"vicarius",1
"374",25.9791660308838,27,25.1333332061768,2187,310,26,61.7620506286621,896,109,235,267,5.54166603088379,71.0470123291016,74.5732879638672,30,22.2000007629395,7.79999923706055,25.9500007629395,26.3500003814697,"villai",1
"375",25.966667175293,27.2666664123535,24.4500007629395,1968,363,75,52.8970375061035,742,235,513,235,10.25,72.1830978393555,115.371589660645,32.2999992370605,18.1000003814697,14.1999988555908,27.0666656494141,24.4500007629395,"vinosus",1
"376",NA,NA,NA,NA,NA,NA,NA,NA,NA,NA,NA,NA,NA,NA,NA,NA,NA,NA,NA,"vittigerus",0
"377",25.6583337783814,26.966667175293,23.8916664123536,2308,340.5,69,45.3357925415039,901.5,242,491,443.5,9.12500047683716,69.6564826965332,124.40510559082,32.2000007629395,19.0999994277954,13.1000013351441,26.4416666030884,25.5250005722046,"wampuensis",4
"378",25.4375,26.6499996185303,24,1261,154,52,33.3943824768066,442,184,406,189,6.22499990463257,67.6630477905273,111.500617980957,29.7999992370605,20.6000003814697,9.19999885559082,26.5,24.3999996185303,"wattsi",1
"379",23.2708339691162,24.2333326339722,21.8999996185303,1302.5,204.5,13.5,68.8844261169433,538.5,54,492.5,54,10.875,76.5901794433594,95.4048500061035,29.7999992370605,15.5999999046326,14.199999332428,24.0416669845581,21.8999996185303,"websteri",2
"380",NA,NA,NA,NA,NA,NA,NA,NA,NA,NA,NA,NA,NA,NA,NA,NA,NA,NA,NA,"wellbornae",0
"381",19.5947918891907,20.6000003814697,18.2750000953674,1617.5,263.5,23.5,70.8025131225586,702.5,94.5,458.5,127,9.38958334922791,71.2680473327637,94.950122833252,26.1000003814697,12.9249999523163,13.1750004291534,20.0333337783814,19.5250000953674,"wermuthi",4
"382",NA,NA,NA,NA,NA,NA,NA,NA,NA,NA,NA,NA,NA,NA,NA,NA,NA,NA,NA,"whitemani",0
"383",NA,NA,NA,NA,NA,NA,NA,NA,NA,NA,NA,NA,NA,NA,NA,NA,NA,NA,NA,"woodi-allo",0
"384",NA,NA,NA,NA,NA,NA,NA,NA,NA,NA,NA,NA,NA,NA,NA,NA,NA,NA,NA,"woodi",0
"385",17.6916656494141,19.6333332061768,15.283332824707,1353,215,18,65.4835052490234,551,73,427,112,10.1166667938232,64.4373626708984,177.672241210938,25.6000003814697,9.89999961853027,15.7000007629395,18.3333339691162,16.3666667938232,"yoroensis",4
"386",NA,NA,NA,NA,NA,NA,NA,NA,NA,NA,NA,NA,NA,NA,NA,NA,NA,NA,NA,"zeus",0
