species,minLat,maxLat,Midpoint_Lat,Log10_meanSVL,P-comp,S-comp,Anntemp,AET,GVI,NDVI,season_temp,season_prec
acutus,17.754,17.754,17.754,1.763427994,1.76832111,-0.004893116,260.6987305,987,255,190.6990814,1109.589722,38.21751785
aeneus,4.664,13.287,8.9755,1.819543936,1.901647775,-0.082103839,263.6248918,1318.727273,229.5454545,200.9204545,535.2382202,43.25065682
aequatorialis,-1.658,1.3,-0.179,1.942008053,1.839840895,0.102167158,173.5334263,1204.840909,230.3181818,150.646465,223.7210896,55.38795777
agueroi,19.840443,19.983312,19.9118775,2.193124598,2.160404708,0.03271989,234.3589376,971,255,199.615743,1466.399862,54.56391017
ahli,21.912,22.07,21.991,1.728353782,1.728328028,2.58E-05,224.2084084,1228.25,245.5,214.4131889,1923.917542,59.74651241
alayoni,20.154,20.17,20.162,1.596597096,1.689929787,-0.093332691,242.6118164,1157,214,200.5069427,1577.238647,49.22241211
alfaroi,20.441,20.441,20.441,1.537819095,1.577414965,-0.03959587,219.9373474,1235,223,209.847229,1651.627808,39.04975891
aliniger,18.412,19.495,18.9535,1.767155866,1.764462967,0.002692899,198.1189227,1075.59375,215.03125,199.2028346,1304.539845,46.63472599
allisoni,20.212,23.129,21.6705,1.894869657,1.820920338,0.073949319,253.1710854,1070.95,221.45,188.5291672,1882.477972,62.11024857
allogus,19.987,22.804,21.3955,1.748188027,1.728933504,0.019254523,242.5629218,1172.2,226.56,203.2877771,1809.574395,52.36793137
altae,8.763,11.45,10.1065,1.67669361,1.693946665,-0.017253055,187.3164573,1286.297521,233.9256198,180.6580193,590.3079239,47.13250474
altavelensis,17.467,17.467,17.467,1.681241237,1.708014026,-0.026772789,266,665,255,1,1158,58
altitudinalis,19.9667,19.987,19.97685,1.716003344,1.738446983,-0.022443639,201.1518326,1226.25,255,200.5694427,1507.920959,48.13617706
alumina,17.787,18.237,18.012,1.58546073,1.659357804,-0.073897074,246.0753268,918.7619048,215.9047619,202.136245,1107.369635,58.28332883
alutaceus,19.987,23.079,21.533,1.574031268,1.584228079,-0.010196811,239.3849116,1173.033333,223.1333333,204.0307103,1872.444006,56.81872438
alvarezdeltoroi,16.843,16.938,16.8905,1.838849091,1.705131123,0.133717968,227.6540497,857.8,230.2,204.4101868,1697.356982,78.7310257
amplisquamosus,15.51666646,15.51666646,15.51666646,1.67669361,1.780592822,-0.103899212,184.7393799,1234,244,205.4490814,1627.780396,43.6791954
anatoloros,8.856,8.94,8.898,1.826074803,1.795306291,0.030768512,177.8429871,1047,212.6666667,185.1944427,393.9096375,60.59242121
anchicayae,3.62,6.22,4.92,1.774516966,1.842306246,-0.06778928,253.391552,1497.25,238.25,182.9230309,276.0934753,25.94907939
anfiloquiae,20.145,20.62,20.3825,1.603144373,1.565956565,0.037187808,243.6112518,1159,218,202.4212952,1560.173218,38.33332062
angusticeps,19.937,23.137,21.537,1.67669361,1.688154855,-0.011461245,242.8149359,1128.863636,224.9090909,191.0909091,1861.326005,55.48534012
annectens,8.58,10.77,9.675,1.848189117,1.830236697,0.01795242,258.1125507,936.75,192.125,197.0601864,505.4963379,53.10799694
anoriensis,6.813,7.07,6.9415,1.934498451,1.839840895,0.094657556,197.4743106,1355.083333,231.4166667,197.6902021,398.0283,42.41466045
antioquiae,4.748,7.069,5.9085,1.897627091,1.857729024,0.039898067,176.539444,1270.222222,223.3333333,189.0195448,286.1243252,29.55691507
antonii,3.23,5.286,4.258,1.694605199,1.693582227,0.001022972,198.5477441,1349.6,210.12,183.87,283.8179095,33.29383125
apletophallus,7.525,9.583,8.554,1.672097858,1.743692934,-0.071595076,262.4557987,1238.462963,243.9444444,187.2053336,566.9193675,58.58826263
apollinaris,4.34,7.063,5.7015,2,1.98802814,0.01197186,195.9836563,1255.2,215.1,182.9611115,302.6225021,38.07784901
aquaticus,8.64,10.431,9.5355,1.838849091,1.843434861,-0.00458577,223.2796527,1398.096774,235.1451613,185.9452662,660.6295668,64.30668545
argenteolus,16.33,20.962,18.646,1.716003344,1.754527668,-0.038524324,247.1118561,1091.36,226.2,198.3942584,1583.274873,49.50873688
argillaceus,19.987,23.079,21.533,1.633468456,1.559883024,0.073585432,245.8716698,1120.75,221.5625,199.9120359,1693.998116,49.20253146
armouri,18.129,18.887,18.508,1.788875116,1.801158789,-0.012283673,166.8853139,1169.428571,183.8571429,188.8707047,1197.075361,62.13938931
auratus,-21.433,13.23,-4.1015,1.711807229,1.82642569,-0.114618461,261.6961851,1281.621622,218.3281853,193.6463608,561.1619877,56.51643486
aurifer,18.225953,18.55881,18.3923815,1.698970004,1.697796233,0.001173771,237.8999252,1378.75,201.75,201.0219879,1204.576874,48.09397697
bahorucoensis,17.962,18.27,18.116,1.67669361,1.701880382,-0.025186772,206.4195978,1128.36,215.64,208.2988916,1117.301677,58.34123581
baleatus,18.32,19.795,19.0575,2.214843848,2.124836976,0.090006872,245.0078248,1232.588235,229.3137255,189.2105112,1239.389231,34.71327299
baracoae,20.249,20.301,20.275,2.213517757,2.231846388,-0.018328631,250.7481435,1173.333333,230.3333333,206.2422841,1517.526489,40.31666819
barahonae,18.004,18.204,18.104,2.187520721,2.124836976,0.062683745,221.0153994,1115.357143,227.2142857,212.3283768,1046.299395,58.49908475
barbatus,22.804,22.804,22.804,2.213517757,2.156990331,0.056527426,236.8891907,1272,243,212.2916718,2100.000977,48.33345032
barbouri,18.029,18.495,18.262,1.633468456,1.761146065,-0.127677609,212.6535835,1117.15,213.95,205.3423615,1099.78324,58.14542694
barkeri,16.133,20.667,18.4,1.951823035,1.703910179,0.247912856,236.3986802,1292.176471,232.1058824,201.411981,1922.477449,64.81795919
bartschi,22.204,22.67,22.437,1.860338007,1.885447503,-0.025109496,246.0576401,1209.333333,231,203.2337926,2119.697306,55.74901644
beckeri,14.033,17.593,15.813,1.763427994,1.83523709,-0.071809096,250.8579544,1287.8,230.95,206.9182877,1571.693686,52.17271175
benedikti,8.8333,8.9887,8.911,1.685741739,1.715189985,-0.029448246,153.0243264,1124.16129,241.5806452,182.9441415,583.7404657,57.21389549
bicaorum,16.106,16.112,16.109,1.900367129,1.739302589,0.16106454,262,1303,255,188.6481476,1346.749512,58
bimaculatus,10.67,17.304,13.987,1.984527313,1.826023627,0.158503686,264.1946564,1150.5,255,189.7615738,838.2345581,41.61113548
binotatus,-3.511,7.96,2.2245,1.707570176,1.810507729,-0.102937553,237.9306965,1069.375,217.875,179.4282417,727.6472645,86.47315502
biporcatus,-0.585,19.07,9.2425,1.989004616,1.837469778,0.151534838,241.673133,1349.15445,234.6308901,198.755769,1000.083226,53.20639729
birama,20.627894,20.627894,20.627894,1.73239376,1.727599907,0.004793853,260,1003,194,196.6944427,1674.086792,66.90123749
biscutiger,8.60427,9.307211,8.9557405,1.58546073,1.743611371,-0.158150641,259.2410583,1559.5,236.5,189.2175903,727.0567017,56.62961769
blanquillanus,11.85,11.85,11.85,1.883661435,1.878532654,0.005128781,276.815033,454,255,158.8472137,784.9646606,55.25944138
boettgeri,-13.137,-10.567,-11.852,1.835690571,1.850833885,-0.015143314,180.0122506,1180.142857,235.7142857,180.0608455,775.8008684,50.51499557
bombiceps,-11.9,-1.05,-6.475,1.838849091,1.84199096,-0.003141869,256.2099143,1667.111111,242.6666667,211.5565847,464.4854652,20.14195675
bonairensis,12.162,12.229,12.1955,1.802773725,1.878532654,-0.075758929,273.4232483,388.5,194,158.1288605,737.8724162,68.57880656
boulengerianus,15.995334,16.884414,16.439874,1.781755375,1.732566523,0.049188852,237.432179,882.8571429,223.2857143,194.2731476,1292.300799,100.1358185
brasiliensis,-20.034184,-5.155427,-12.5948055,1.8162413,1.84195343,-0.02571213,250.9351349,1141.5,192.75,202.0011559,1018.342506,70.51850891
bremeri,21.67,22.52,22.095,1.792391689,1.705378346,0.087013343,251.7704437,1140,210.2,194.3620392,2039.566016,59.79571152
breslini,19.803852,19.804009,19.8039305,1.77815125,1.80086513,-0.02271388,256.6234131,591,255,178.8148193,1223.122192,50.62532043
brevirostris,17.57,19.154,18.362,1.72427587,1.707797193,0.016478677,248.8988789,908.3868613,209.9708029,191.9255886,1082.420366,57.74614833
brunneus,22.593,22.593,22.593,1.86332286,1.81996091,0.04336195,260,698,255,1,1925,48
calimae,3.47,5.126,4.298,1.767155866,1.826303054,-0.059147188,177.9205865,1257.111111,229.1111111,187.1754133,249.7567054,30.40477498
campbelli,15.988,16.002,15.995,1.716003344,1.705906268,0.010097076,189.8786736,1369.5,227,195.4363518,938.594696,64.91659832
capito,8.017,17.484,12.7505,1.99343623,1.725244542,0.268191688,240.1067053,1396.303178,236.5427873,199.901838,949.4956942,49.32172665
carolinensis,16.7,35.93486,26.31743,1.795880017,1.800370107,-0.00449009,204.1632785,1061.549343,209.3137969,188.2239727,5485.606465,36.16464068
carpenteri,8.808,13.683,11.2455,1.662757832,1.741989415,-0.079231583,249.4222904,1489.113208,235.8490566,201.5951262,720.7680503,36.50423838
casildae,8.496,9.16,8.828,2.027349608,1.988885248,0.03846436,195.5684982,1269.3,238.2,183.4699081,474.1238617,47.75496902
caudalis,18.57,18.945,18.7575,1.685741739,1.706852278,-0.021110539,256.5585216,928.0909091,239,154.9663294,1154.163341,53.69470908
centralis,20.145,20.337,20.241,1.596597096,1.559883024,0.036714072,234.3915863,1080,231.6666667,201.3271637,1605.163696,51.56387202
chamaeleonides,20.029,23.129,21.579,2.241795431,2.159943311,0.08185212,249.9182739,1156.384615,224.3076923,201.9081186,1886.026433,56.62871757
charlesmyeri,8.433,10.834,9.6335,1.860338007,1.83286544,0.027472567,245.9294495,1398.038462,234.1153846,189.759437,706.4165626,66.42263163
chloris,-0.617,7.674,3.5285,1.77815125,1.8421108,-0.06395955,230.9314545,1316.57377,222.6557377,176.9376896,446.2837582,54.95836638
chlorocyanus,17.987,20.045,19.016,1.848189117,1.766246485,0.081942632,249.9784472,1117.531818,218.3727273,189.4008209,1223.083921,43.89072058
chocorum,-0.627,10.08,4.7265,1.889301703,1.999217432,-0.109915729,244.5577994,1391.75,242.5277778,183.7183647,453.8059408,45.2967342
christophei,18.404,19.77,19.087,1.67669361,2.088621829,-0.411928219,212.5832299,1135.893617,223.4893617,204.1112087,1349.763316,39.04558145
chrysops,15.860387,15.865119,15.862753,1.963787827,1.830326077,0.13346175,260.8887329,944.5,255,1,932.7210693,46.72199631
clivicola,19.987,20.045,20.016,1.672097858,1.565956565,0.106141293,216.5296555,1082,228.5,202.9629593,1505.964111,49.75321579
cobanensis,15.062,17.211,16.1365,1.698970004,1.702907507,-0.003937503,182.7211976,1173.015152,228.7878788,203.5159237,1199.382639,58.5489165
coelestinus,16.5,19.587,18.0435,1.86332286,1.770256873,0.093065987,234.8342619,1195.940476,222.0833333,194.7706686,1152.288956,52.58188502
compressicauda,15.314,17.557,16.4355,1.728353782,1.704919319,0.023434463,236.5175,1081.390244,229.0243902,202.063685,1659.628555,80.18416335
confusus,20.045,20.045,20.045,1.648360011,1.706532237,-0.058172226,260.5276184,861,255,190.9212952,1505.054321,58.38890839
conspersus,19.281,19.333,19.307,1.77815125,1.868895266,-0.090744016,264.8441856,1092.636364,255,143.5265156,1311.467463,56
cooki,17.954,18.004,17.979,1.819543936,1.769527188,0.050016748,259.3545024,769.5,238.5,194.8294779,1127.693888,55.51227442
crassulus,13.737,19.32,16.5285,1.736396502,1.781187302,-0.0447908,168.5874225,1003.856436,224.8391089,197.8820121,1095.01587,79.09650729
cristatellus,17.895,18.537,18.216,1.883661435,1.769566438,0.114094997,245.704496,1210.116505,235.2718447,198.0353755,1202.534074,40.02303461
cristifer,14.114,15.358,14.736,1.911157609,1.833315852,0.077841757,252.7767116,1291.785714,230,192.3634284,655.2378671,84.68522917
cryptolimifrons,8.871,9.469,9.17,1.638489257,1.743646802,-0.105157545,252.0760449,1436.774194,247.4516129,189.2786722,570.2164444,30.21959957
cupeyalensis,20.537,20.579,20.558,1.511883361,1.564118486,-0.052235125,240.4441681,1174,213,201.1087952,1670.390259,43.59259415
cupreus,8.533,15.917,12.225,1.728353782,1.718005663,0.010348119,240.2934247,1245.942568,228.472973,194.4518581,878.554854,68.16373189
cuprinus,15.038,17.547,16.2925,1.792391689,1.701702589,0.0906891,216.1572444,1154.611111,238,199.9938265,1400.914768,74.90541373
cuscoensis,-13.137,-12.99,-13.0635,1.781755375,1.850663689,-0.068908314,194.5057983,1330.333333,231,183.3333333,792.672465,53.99596914
cusuco,15.483,15.517,15.5,1.648360011,1.70870217,-0.060342159,184.7393799,1251,241.5,207.5208359,1627.780396,43.6791954
cuvieri,18.12,18.337,18.2285,2.115610512,2.016105654,0.099504858,225.8192749,1434.8,225.2,206.0703735,1219.758643,36.9629776
cyanopleurus,20.145,23.02,21.5825,1.607455023,1.564118486,0.043336537,238.2312775,1191.875,228,204.2054386,1626.680435,41.81638241
cybotes,17.77,20.045,18.9075,1.866287339,1.801127468,0.065159871,232.5871619,1142.486188,217.252302,190.843079,1217.389644,47.57302133
cymbops,18.486,18.883,18.6845,1.672097858,1.701084098,-0.02898624,201.9772766,1230.6,198.8,198.7092621,1941.527832,78.40010376
danieli,6.32,6.97,6.645,2.043362278,1.989182187,0.054180091,170.0997111,1298.333333,222,188.1882731,402.3058675,36.62548765
darlingtoni,18.412,19.045,18.7285,1.875061263,1.750006753,0.12505451,182.6415604,1152,207,197.1481476,1283.022241,57.51594086
datzorum,8.496,8.904,8.7,1.67669361,1.802730005,-0.126036395,170.2152974,1185.181818,235.9090909,183.2659912,497.8332547,51.51396006
desechensis,18.38,18.38,18.38,1.707570176,1.769566438,-0.061996262,256,1282,255,1,1101.66687,40
desiradei,16.300684,16.31679,16.308737,1.822821645,1.830329599,-0.007507954,253.5837054,1156.142857,255,181.8835994,1083.059099,32.34300886
distichus,17.962,20.045,19.0035,1.73239376,1.696340281,0.036053479,237.411843,1156.730871,217.5145119,190.400152,1225.338102,46.01363204
dolichocephalus,18.279,18.637,18.458,1.67669361,1.698533244,-0.021839634,227.5756291,1373.428571,211.7142857,199.6745998,1269.118635,51.29966736
dollfusianus,14.384,17.56,15.972,1.618048097,1.737564676,-0.119516579,221.737842,1296.312977,236.4732824,189.1839133,825.2204543,81.47360695
dominicensis,18.0689,20.0452,19.05705,1.72427587,1.697808528,0.026467342,242.9400485,1094.468468,222.954955,191.1783462,1211.498828,49.30795479
duellmani,17.482,18.563,18.0225,1.596597096,1.704587502,-0.107990406,221.1899891,1251.625,236.5,207.8350697,1980.297501,63.91976404
dunni,17,18.6,17.8,1.72427587,1.697126724,0.027149146,235.4643357,950.5263158,229.9649123,198.1657728,1143.455559,106.2950358
equestris,19.987,23.137,21.562,2.252853031,2.229585977,0.023267054,245.1219376,1134.695652,216.826087,194.7960961,1888.224716,56.26301865
ernestwilliamsi,18.426,18.426,18.426,1.86923172,1.769562376,0.099669344,257.5553284,1029,255,195.5740814,1168.221802,36.88882828
etheridgei,18.42,19.204,18.812,1.638489257,1.667544791,-0.029055534,171.6966125,1102.173913,225.8478261,201.7507036,1313.817667,44.00257654
eugenegrahami,19.629,19.654,19.6415,1.822821645,2.088621829,-0.265800184,243.7905019,1355.333333,232,201.4212952,1297.279663,34.96716054
eulaemus,3.483,5.794,4.6385,1.973127854,1.839843254,0.1332846,196.6764725,1325.6,217.3,193.7685181,297.2304047,32.03699722
euskalerriari,9.803,10.373,10.088,1.72427587,1.859846443,-0.135570573,162.7770691,1261,233.5,194.1875,593.1292419,56.25924873
evermanni,18.02,18.395,18.2075,1.832508913,1.76832111,0.064187803,226.9519623,1402.48,226.68,206.2453711,1233.328579,35.13030212
extremus,13.104,14.004,13.554,1.854306042,1.901923541,-0.047617499,258.5467796,1151.25,255,142.7210655,896.400116,45.22834587
fairchildi,22.303198,22.303198,22.303198,1.880813592,1.822656871,0.058156721,262.9259033,706,255,167.75,1862.178833,49.51106644
fasciatus,-3.665,-0.55,-2.1075,1.854306042,1.842494495,0.011811547,241.0166353,976.125,210.2916667,184.3738461,699.1587296,91.12506294
favillarum,18.041632,18.15341667,18.09752434,1.716003344,1.698020355,0.017982989,240.2439658,1186.363636,217.3636364,220.4149905,1000.693831,59.47772494
ferreus,15.918,15.918,15.918,1.970811611,1.829469917,0.141341694,252.5554504,1128,255,189.0046234,982.2219238,37.4444046
festae,-3.803,1.185,-1.309,1.72427587,1.842317891,-0.118042021,246.9444824,1056.6,207.6,186.8279338,816.6537821,85.67912884
fitchi,-2.253,0.583,-0.835,1.926856709,1.857729024,0.069127685,188.9836942,1445.34,237.52,195.1290747,437.3520193,24.39013527
forresti,17.632172,17.635034,17.633603,1.685741739,1.81938159,-0.133639851,265.0305595,784.625,255,197.3009338,1138.135162,29.85302353
fortunensis,8.674,8.753,8.7135,1.69019608,1.693008274,-0.002812194,201.8450034,1341.285714,233.7142857,185.5347225,458.8557085,45.06436838
fowleri,18.687,18.837,18.762,1.889301703,1.659353933,0.22994777,149.5273315,1160,219,199.8675934,1272.18374,48.22979355
fraseri,-2.097,4,0.9515,2.051152522,2.000530046,0.050622476,192.9671689,1202.574468,219.5744681,161.5287622,341.188236,62.12929843
frenatus,4.63,10.432,7.531,2.115610512,1.993589187,0.122021325,249.1527873,1420.147541,236.2622951,196.4228145,529.6159923,42.4503928
fugitivus,20.637,20.637,20.637,1.537819095,1.571794446,-0.033975351,256.5180969,1271,255,189.4537048,1634.655273,31.01226044
fungosus,8.718,9.879,9.2985,1.681241237,1.746996002,-0.065754765,204.7625529,1390.333333,231.1111111,179.5519545,536.8056234,42.18286345
fuscoauratus,-19.917,11.017,-4.45,1.694605199,1.691383077,0.003222122,245.2089113,1544.588235,232.377709,208.6580085,558.7319707,28.61526777
gadovii,16.9,19.233,18.0665,1.872156273,1.71697085,0.155185423,265.4293559,987.3461538,233.5,199.0215425,1136.13362,107.910717
gaigei,7.665466,10.773098,9.219282,1.720159303,1.747021977,-0.026862674,239.346477,1272.714286,236,187.8558197,537.2821219,62.32642855
garmani,17.887,18.27,18.0785,2.043362278,1.868328458,0.17503382,243.6695862,1161.5,238.5,194.7337914,973.7460327,52.94542027
garridoi,21.914,21.914,21.914,1.596597096,1.639802077,-0.043204981,220.2206421,1227,247,214.527771,1928.000977,58.88844299
gemmosus,-0.928,1.161,0.1165,1.809559715,1.839653343,-0.030093628,172.5127325,1201.018868,229.8584906,152.1281442,226.9876561,56.89551577
ginaelisae,8.4954,8.5636,8.5295,2.041392685,1.973024591,0.068368094,177.008864,1204.545455,239.8181818,182.9848522,438.7449868,48.24571783
gingivinus,18.042,18.254,18.148,1.795880017,1.826023627,-0.03014361,269.5373027,828.6666667,255,158.9537048,1127.097046,31.59262212
gorgonae,2.96,2.96,2.96,1.77815125,1.8421108,-0.06395955,253,1399,255,1,315.5,27.25
gracilipes,-2.167,1.066,-0.5505,1.774516966,1.810507729,-0.035990763,229.7652682,1226.72,218.1,176.1876834,587.2950397,72.12424301
grahami,18.004,18.462,18.233,1.841984805,1.868895266,-0.026910461,249.8428802,1162.3,240.1,205.1856461,997.3902344,45.5578125
granuliceps,-0.25,8.02,3.885,1.681241237,1.747258851,-0.066017614,249.2184365,1511.981132,234.5660377,182.8596255,361.013751,34.53816376
griseus,13.133,13.133,13.133,2.045322979,1.900067048,0.145255931,265.7288513,1372,255,201.1898193,810.1976318,40.72850037
gruuo,8.482,8.533,8.5075,1.648360011,1.692097025,-0.043737014,198.6128421,1278.666667,245.4444444,185.8816901,437.4156155,52.9749705
guafe,20.045,20.045,20.045,1.62324929,1.706895841,-0.083646551,260.5276184,861,255,190.9212952,1505.054321,58.38890839
guamuhaha,21.912,21.912,21.912,2.193124598,2.160404708,0.03271989,220.2206421,1227,247,214.527771,1928.000977,58.88844299
guazuma,21.912,21.937,21.9245,1.643452676,1.639802077,0.003650599,220.2206421,1228,247,214.527771,1928.000977,58.88844299
gundlachi,17.97,18.37,18.17,1.822821645,1.769380244,0.053441401,223.3541629,1374.846154,230.7307692,205.7587269,1230.943383,36.59258938
haetianus,18.32,18.32,18.32,1.848189117,1.801073065,0.047116052,245.418808,1385,225,200.6111145,1032.055908,42.4020195
hendersoni,18.129,18.654,18.3915,1.698970004,1.698533244,0.00043676,227.752502,1262.058824,209.8235294,191.171568,1183.895641,52.28489954
heterodermus,0.831,6.916,3.8735,1.872156273,1.861728107,0.010428166,166.5998038,1124.129032,206.5806452,187.8563306,309.9598969,37.75990228
heteropholidotus,14.223228,14.223228,14.223228,1.740362689,1.706718496,0.033644193,172.7869415,984,204,199.8101807,1431.686401,60.71596909
hobartsmithi,17.15,17.33,17.24,1.681241237,1.702907507,-0.02166627,196.1017058,1363.222222,236.3888889,204.4750493,1500.519545,49.28945414
homolechis,19.987,23.137,21.562,1.770852012,1.706532237,0.064319775,244.8484845,1091.913043,228.6956522,203.5101633,1840.919107,53.96423323
huilae,1.31,5,3.155,1.872156273,1.850833885,0.021322388,189.1437556,1369.333333,221.6666667,193.0293223,306.3752467,35.7036527
humilis,8.506,17.484,12.995,1.662757832,1.718254218,-0.055496386,231.8771381,1421.098624,235.7844037,191.328629,680.0831381,43.22504992
ignigularis,18.77275,19.22681667,18.99978334,1.694605199,1.696364073,-0.001758874,255.8274364,1515.347826,238.7826087,209.8923108,1167.388911,26.42571482
imias,20.154,20.154,20.154,1.744292983,1.728933504,0.015359479,203.2965698,1196,232,210.1388855,1534.222534,45.29628754
inexpectatus,20.629,20.645,20.637,1.556302501,1.584683293,-0.028380792,256.422821,1292.5,255,185.8981476,1641.328308,30.91612339
insignis,7.976,10.734,9.355,2.171726454,1.972647609,0.199078845,217.792274,1369.25,237.75,185.3592305,613.0384884,51.80114609
insolitus,18.654,19.204,18.929,1.658011397,1.659353933,-0.001342536,159.7606055,1120.391304,222.8695652,200.8105854,1293.516384,46.51921878
isolepis,20.112,21.679,20.8955,1.711807229,1.737929199,-0.02612197,235.6309097,1165.1,217.6,205.0972229,1640.789612,53.49879761
jacare,7.301,9.315,8.308,1.854306042,1.795306291,0.058999751,185.848074,1079,214.25,185.0329838,407.5359993,44.28089619
johnmeyeri,15.083,15.52,15.3015,1.848189117,1.810147109,0.038042008,184.7302137,1205,239.2142857,205.5261263,1602.228768,47.47461264
juangundlanchi,22.895,22.895,22.895,1.525044807,1.564514449,-0.039469642,248.8271179,1140,205,193.8148193,2077.110352,62.44444275
jubar,19.954,21.195,20.5745,1.720159303,1.706671557,0.013487746,252.7093735,882,210,186.7569427,1644.439697,49.39146614
kemptoni,8.771,24.37,16.5705,1.73239376,1.692589945,0.039803815,173.7723514,1171.254902,235.8235294,184.2818601,650.0597247,57.66736655
koopmani,18.27,18.437,18.3535,1.556302501,1.708480902,-0.152178401,231.4076742,1399,194.6666667,195.7700551,1267.581095,51.44455592
kreutzi,15.433,15.433,15.433,1.694605199,1.70870217,-0.014096971,191.5195465,1151,238,196.9537048,1650.887695,43.18534851
krugi,17.987,18.454,18.2205,1.69019608,1.769375503,-0.079179423,229.304388,1395.511628,229.6976744,205.2114574,1235.140029,36.14122972
kunayalae,8.55,9.459,9.0045,2.008600172,2.000166336,0.008433836,238.5971909,1231.625,236.5,194.0827522,631.4921036,61.01235199
laevis,-6.035264,-5.966165,-6.0007145,1.77815125,1.722651077,0.055500173,219.4081879,1202,213.5,204.0694427,619.3225403,24.88285923
laeviventris,8.812,21.19,15.001,1.67669361,1.711277228,-0.034583618,206.1250544,1192.478632,226.3119658,199.9345327,1520.791133,70.20991769
lamari,4.096169,4.164628,4.1303985,1.633468456,1.723265107,-0.089796651,203.8641129,1404,227,197.9166718,404.9416656,48.234478
latifrons,3.93,7.976,5.953,2.084576278,1.99385046,0.090725818,259.5415628,1546.571429,237.8571429,198.0423301,320.6797464,29.52374717
leachii,17.641,17.641,17.641,1.961421094,1.824615489,0.136805605,265.82724,782,255,197.3009338,1141.554199,29.9259491
lemurinus,8.397,27.07,17.7335,1.894869657,1.739266375,0.155603282,247.3904967,1296.713586,233.6695226,203.6443799,1406.034384,58.69356908
limifrons,7.767,20.86,14.3135,1.672097858,1.743692934,-0.071595076,242.365125,1413.555,234.6816667,198.570687,834.0992787,44.77603395
limon,5.559,6.912,6.2355,1.90579588,1.998974268,-0.093178388,221.6405959,1468.090909,231.5454545,201.2727287,376.3410034,42.92148382
lineatopus,17.954,18.462,18.208,1.788875116,1.856314717,-0.067439601,247.6801036,1183.636364,237,205.7748288,989.3574052,46.77085079
lineatus,12.1906,12.236194,12.213397,1.829303773,1.802351371,0.026952402,273.0986481,499,255,170.0879593,886.6291809,66.93832397
liogaster,17.21,18.48,17.845,1.752048448,1.703736587,0.048311861,193.3444139,910.7755102,226.8367347,200.908541,980.0904342,102.856398
lionotus,8.483,15.05,11.7665,1.851258349,1.745244973,0.106013376,239.152727,1407.779343,234.6666667,195.0715092,718.8640605,45.38670214
litoralis,19.9228,20.3353,20.12905,1.574031268,1.559296369,0.014734899,255.2316261,808.5,248.5,176.9789345,1496.354419,58.53480759
lividus,16.72,16.804,16.762,1.826074803,1.829603057,-0.003528254,253.3847911,1220.666667,255,188.2067922,1109.483643,28.09302966
longiceps,18.405,18.405,18.405,1.900367129,1.820326847,0.080040282,264.9997253,1301,255,1,901.5013428,37.00004578
longitibialis,17.57,18.012,17.791,1.8162413,1.800546986,0.015694314,262.4890808,670,205,201.6648193,1189.940552,57.13336334
loveridgei,13.133,15.7,14.4165,2.068185862,1.804243401,0.263942461,234.3699646,1186.153846,227.3076923,200.0829761,1324.974445,65.47964654
loysianus,19.987,22.804,21.3955,1.591064607,1.590733516,0.000331091,240.9494985,1144.5,226.5833333,201.1033948,1904.047312,57.57612483
luciae,13.837,14.037,13.937,1.886490725,1.877108392,0.009382333,247.3617223,1331.666667,247,208.8047816,1010.703054,37.4938736
lucius,20.762,23.112,21.937,1.809559715,1.754527668,0.055032047,246.3430717,1155.8,228.3,203.0189812,1928.586377,60.58039207
luteogularis,21.67,22.837,22.2535,2.263636069,2.231401621,0.032234448,246.633207,1162.142857,226.7142857,173.7731476,2061.229283,58.32101985
luteosignifer,19.723985,19.724337,19.724161,1.67669361,1.706895841,-0.030202231,261.2963257,1035,255,1,1426.295776,59.87037659
lynchi,-0.468,2.806,1.169,1.781755375,1.746938499,0.034816876,232.7332727,1311.48,218.8,170.9766644,492.2669989,55.01592335
lyra,-0.888,3.93,1.521,1.875061263,1.738994066,0.136067197,238.8267649,1334.448276,225.3793103,178.7107286,479.9557758,55.40961963
macilentus,20.204,20.287,20.2455,1.58546073,1.577414965,0.008045765,234.2416687,1104,231,200.4629669,1606.037415,51.74087524
macrinii,15.73,15.977,15.8535,1.980003372,1.734815075,0.245188297,236.8372498,1041.75,244.25,194.6423645,948.847229,96.68549728
macrolepis,2.515,5.581,4.048,1.767155866,1.747092429,0.020063437,237.2867065,1495.4,234.7,172.2972229,280.6039597,25.7468502
macrophallus,13.49,18.823,16.1565,1.67669361,1.718005663,-0.041312053,242.4487579,1110.797101,232.5942029,198.8060256,688.092037,91.11055391
maculigula,5.883,7.29,6.5865,1.959041392,1.988885248,-0.029843856,207.9457635,1456.555556,227.6666667,188.044754,390.328498,36.74622218
maculiventris,-1.009,9.497,4.244,1.67669361,1.691497136,-0.014803526,237.1066449,1425.359375,226.421875,182.1856911,373.9521532,43.92866664
magnaphallus,8.776,8.86,8.818,1.740362689,1.715339346,0.025023343,167.1349113,1167.090909,231.4545455,185.3489033,540.3621355,56.29322676
marcanoi,18.237,18.704,18.4705,1.736396502,1.799579552,-0.06318305,237.7436924,903.28125,213.125,203.741322,1080.991558,53.91365564
mariarum,5.74,7.29,6.515,1.711807229,1.693582227,0.018225002,195.1357147,1379.347826,207.1630435,195.6997276,375.1989132,38.21682374
marmoratus,15.87,16.395,16.1325,1.84509804,1.829812335,0.015285705,247.0188259,1237.789474,243.6666667,193.6855902,1097.078987,35.81360047
marron,18.229,18.254,18.2415,1.662757832,1.706852278,-0.044094446,251.1851501,1148,219,194.570989,1182.262858,49.07392248
marsupialis,8.746962,9.481635,9.1142985,1.667452953,1.838345212,-0.170892259,213.1610761,1419.428571,234.5714286,183.2533068,624.9133039,64.58006832
matudai,14.93,17.517,16.2235,1.707570176,1.701702589,0.005867587,212.3183049,1135.646154,239.4615385,197.3451562,1154.591059,88.72977406
maynardi,19.67,19.704,19.687,1.792391689,1.820326847,-0.027935158,263,1050.5,255,66.8263855,1433.749207,59.1666584
medemi,2.963785,2.97304,2.9684125,1.707570176,1.691497136,0.01607304,253,1399,255,1,315.5,27.25
megalopithecus,4.748,6.771,5.7595,1.919078092,1.839843254,0.079234838,192.8227234,1364.8,228.4,184.1046265,325.3490356,32.343116
megapholidotus,16.577,18.1,17.3385,1.707570176,1.727440211,-0.019870035,237.1972119,993.9130435,225.0869565,197.3572845,1300.392262,103.2678996
menta,10.866358,10.867687,10.8670225,1.740362689,1.724649709,0.01571298,182.2567596,1235.5,248,168.3148193,501.7871704,64.22249222
meridionalis,-22.9,-11.217,-17.0585,1.763427994,1.829788786,-0.066360792,243.086327,1180.736842,150.2105263,194.8330865,1426.028034,59.13449699
mestrei,22.287,23.02,22.6535,1.716003344,1.709143607,0.006859737,245.8679167,1197.785714,235.5,188.9239404,2116.69519,55.16388948
microlepidotus,16.971,18.5,17.7355,1.662757832,1.695209206,-0.032451374,219.0846677,816,217.1875,190.9467568,1397.196848,103.0987859
microtus,8.496,10.046,9.271,2.053078443,1.973024591,0.080053852,174.1642354,1209.944444,233.5,179.8243306,520.1976607,53.46032906
milleri,15.362,17.64,16.501,1.568201724,1.701277469,-0.133075745,185.8462939,1082.142857,226.7857143,200.8673968,1421.916962,85.14291436
mirus,5.7432,5.7432,5.7432,2.008600172,2.000166336,0.008433836,266.1604309,1720,225,201.2731476,217.888031,15.33324909
monensis,18.087,18.087,18.087,1.755874856,1.769527188,-0.013652332,255.6945648,838,255,164.2662048,1158.735168,30.96297264
monteverde,10.283,10.364,10.3235,1.685741739,1.693946665,-0.008204926,187.8373784,1292.285714,232.1428571,191.6990727,689.6573835,48.22938156
monticola,18.279,18.612,18.4455,1.694605199,1.69193561,0.002669589,224.7717031,1330.777778,201.4444444,201.0015445,1298.694444,53.12916692
morazani,15.017,15.02,15.0185,1.744292983,1.706397344,0.037895639,157.8528595,1055,235,210.5092621,1643.234497,49.32106781
muralla,15.08,15.127,15.1035,1.720159303,1.706948672,0.013210631,198.5653076,1087.333333,219.6666667,199.6404317,1598.242228,55.82748413
nasofrontalis,-19.863512,-19.769583,-19.8165475,1.752048448,1.724602103,0.027446345,232.5492096,1018,155,204.5347214,1674.976074,57.70376587
naufragus,18.301,21.133,19.717,1.698970004,1.700695009,-0.001725005,192.6977199,1313.454545,236.0227273,202.1054275,2598.624556,68.12215398
neblininus,0.83,0.92,0.875,1.781755375,1.779734423,0.002020952,169.0302948,1379.8,221.6,196.4018494,340.3784668,25.48883705
nebuloides,15.69,26.983,21.3365,1.667452953,1.727440211,-0.059987258,221.5066817,878.8970588,227.1838235,194.7293706,1492.772508,103.0826352
nebulosus,15.657,30.2,22.9285,1.658011397,1.700013976,-0.042002579,224.738074,795.2847926,220.7336406,193.009972,2352.814755,108.910828
nelsoni,16.5,16.5,16.5,1.77815125,1.705620466,0.072530784,258.9999695,1271,211,212.7361145,1491.519531,57.3332901
nicefori,7.12823,7.66667,7.39745,1.781755375,1.861381103,-0.079625728,146.0061626,960.7916667,221.0416667,183.8049774,413.5039228,46.39608256
noblei,19.954,20.962,20.458,2.238046103,2.232362737,0.005683366,234.4216374,1079.285714,229.2857143,194.5866394,1580.677403,47.74702808
notopholis,3.599,6.33,4.9645,1.703291378,1.802705685,-0.099414307,255.8225956,1571.9375,240.5625,178.0500584,282.8856306,27.35650855
nubilus,17.118,17.118,17.118,1.822821645,1.829603057,-0.006781412,265.1249695,919,255,184.6666718,1115.125122,34
occultus,18.254,18.304,18.279,1.62324929,1.850222874,-0.226973584,220.1953239,1379.5,226.75,208.0844955,1249.472198,27.5372715
ocelloscapularis,14.783,15.517,15.15,1.662757832,1.737646104,-0.074888272,195.5300737,1194.272727,231.9090909,202.9903245,1501.089045,60.72847158
oculatus,19.004,19.004,19.004,1.903089987,1.827718911,0.075371076,166.4925995,1087,222,202.2592621,1308.493286,45.98780823
oligaspis,23.097214,23.097214,23.097214,1.707570176,1.688154855,0.019415321,258.9691467,759,255,174.6481476,1978.736084,53.67812347
olssoni,17.979,19.754,18.8665,1.672097858,1.669092958,0.0030049,250.9711135,944.1914894,200.4255319,183.4242508,1185.811988,55.89717512
omiltemanus,17.39,17.71,17.55,1.653212514,1.710790555,-0.057578041,196.6718254,902.125,228.875,198.4398123,1047.968048,102.8961134
onca,10.117,12.22,11.1685,1.919078092,1.830236697,0.088841395,271.4155066,451.5172414,164.0344828,154.9784485,907.4425101,72.37733052
opalinus,18.145,18.42,18.2825,1.73239376,1.866762568,-0.134368808,250.3745972,1242,238,206.5888855,978.6454834,42.6466713
ophiolepis,19.987,23.137,21.562,1.574031268,1.70729025,-0.133258982,247.0805907,1152.909091,224.8636364,198.7319031,1950.024969,56.94157756
oporinus,20.009,20.009,20.009,1.672097858,1.738446983,-0.066349125,237.4202576,1195,202,205.3564758,1496.256714,51.8516922
orcesi,-1.402,0.529,-0.4365,1.770852012,1.859563205,-0.088711193,171.3551025,1369.692308,230.2307692,188.5519949,467.3772982,26.48439011
ortonii,-15.49,5.79,-4.85,1.736396502,1.727865072,0.00853143,252.6883638,1584.567568,232.7567568,210.4458193,519.7151311,26.86274892
otongae,-0.523,-0.419,-0.471,1.812913357,1.839722391,-0.026809034,163.2940491,1111,229.2,149.3333313,217.7572174,65.64960175
oxylophus,9.567,17.13,13.3485,1.854306042,1.745244973,0.109061069,236.8497073,1423.604651,234.1627907,195.0894715,821.7975648,44.66962553
pachypus,8.776,10.825,9.8005,1.716003344,1.715016418,0.000986926,169.6472139,1193.204819,232.2409639,184.0818819,574.9400534,53.40177274
paravertebralis,10.497302,10.497302,10.497302,1.698970004,1.723223432,-0.024253428,278.888916,1161,222,195.5138855,368.4702454,69.25917816
parilis,0.797,1.063,0.93,1.908485019,2.000530046,-0.092045027,230.1727244,1429,219.3333333,163.2376556,286.6300761,28.8891805
parvicirculatus,16.83,17.182,17.006,1.698970004,1.701084098,-0.002114094,212.0495572,985.5555556,236.2222222,202.1934119,1559.692518,74.59799661
paternus,21.67,22.312,21.991,1.681241237,1.688599188,-0.007357951,252.250061,1149.5,210.75,195.6261597,2064.46225,58.26853371
pentaprion,4.48,20.68,12.58,1.848189117,1.834186563,0.014002554,254.5021108,1364.640449,236.9382022,194.8453496,993.3738174,54.62704609
peraccae,-1.866,1.67,-0.098,1.698970004,1.842306246,-0.143336242,230.4130988,1196.964286,219.547619,177.2315363,571.8940446,71.35978242
petersii,14.377,21.397,17.887,2.053078443,1.775607724,0.277470719,214.2939606,1194.818182,228.4318182,199.7218028,1393.835601,75.92193356
peucephilus,16.19216,16.21813,16.205145,1.62324929,1.710790555,-0.087541265,187.0833232,929.6666667,232.3333333,199.4027761,1168.947673,102.5512339
philopunctatus,-2.9979,-1.74244,-2.37017,1.851258349,1.904706457,-0.053448108,271.8641561,1438.333333,224,201.9969076,460.0376078,42.82719803
phyllorhinus,-10.27,-4.39,-7.33,1.900367129,1.904706457,-0.004339328,255.9290161,1337.25,205.5,210.0879593,457.3082123,57.78394127
pigmaequestris,22.637,22.637,22.637,2.115610512,2.213762618,-0.098152106,255,1014,255,1,2164.593262,60.43519592
pijolense,15.167,15.2,15.1835,1.774516966,1.811019673,-0.036502707,182.9680125,1102,244,203.0833282,1667.342733,48.22251511
placidus,18.687,19.312,18.9995,1.662757832,1.695212158,-0.032454326,199.0535787,1253,224.6666667,203.4274648,1205.543538,55.83140691
planiceps,0.685358,10.503462,5.59441,1.880813592,1.84195343,0.038860162,267.2840973,1362.8,211.4,207.4898163,632.9675598,50.94071121
podocarpus,-4.227,-4.227,-4.227,1.966141733,1.85773503,0.108406703,187.817215,1302,232,184.3333282,452.2615662,20.11160278
poecilopus,5.537,9.552,7.5445,1.84509804,1.745220826,0.099877214,256.0255852,1348.159091,237.3409091,198.6032202,514.1283028,51.76497676
poei,-0.1665857,-0.143138,-0.15486185,1.772688355,1.839653343,-0.066964988,232.1235733,1294.75,218.25,179.6377296,675.9526978,74.37358665
pogus,18.037,18.037,18.037,1.662757832,1.819252479,-0.156494647,268.2417297,856,255,186.5740662,1118.996704,33
polylepis,8.313,10.38,9.3465,1.740362689,1.719033075,0.021329614,230.0431094,1418.216216,237.6959459,186.8145022,675.1393332,62.25139988
poncensis,17.954,18.012,17.983,1.667452953,1.769378441,-0.101925488,260.6555125,737.6666667,245.5,190.7253113,1147.649699,55.39294179
porcatus,18.47,23.17,20.82,1.848189117,1.800370107,0.04781901,247.7718382,1143.5,226.8703704,189.5863337,1842.56668,53.41689753
porcus,20.154,21.937,21.0455,2.221414238,2.160346404,0.061067834,234.4284363,1118,227.25,207.75,1639.289825,55.25276947
princeps,-1.118,2.96,0.921,2.054995862,1.99385046,0.061145402,241.5723543,1308.702703,225.3783784,177.8659924,534.8813708,62.06485135
proboscis,-0.051,-0.029,-0.04,1.86923172,1.852385721,0.016845999,179.6429342,1273.833333,233.5,142.2399724,234.2013855,55.83981196
properus,18.5599,18.56191667,18.56090834,1.707570176,1.696801685,0.010768491,264.314799,933.3333333,255,187.3101807,1173.816243,29
propinquus,3.884644,3.884644,3.884644,1.602059991,1.989182187,-0.387122196,188.4070587,991,239,192.3935242,260.8270264,37.13576508
pseudokemptoni,8.496,8.508,8.502,1.740362689,1.692097025,0.048265664,178.2754555,1248.25,240,181.3495407,435.5589981,48.48143005
pseudopachypus,8.495,8.679,8.587,1.681241237,1.715189985,-0.033948748,176.4720584,1211.727273,238.3636364,185.1132161,452.7744917,48.51155992
pseudotigrinus,-21.0983,-21.0983,-21.0983,1.728353782,1.722651077,0.005702705,223.0752563,987,193,201.0462952,1940.890869,63.18537521
pulchellus,17.954,18.512,18.233,1.662757832,1.769375503,-0.106617671,243.4634356,1299.391304,232.8695652,197.0530402,1215.458857,36.8898116
pumilus,22.045,23.137,22.591,1.537819095,1.560810175,-0.02299108,249.510198,1020.333333,255,119.5925903,2050.793172,54.74824524
punctatus,-22.917,5.085,-8.916,1.919078092,1.903913282,0.01516481,250.85201,1556.025641,225.5897436,210.5253639,638.8870917,31.23582975
purpurgularis,15.43,15.65,15.54,1.767155866,1.811019673,-0.043863807,201.4786358,1197.375,240.25,202.3668957,1593.175934,43.62981129
pygmaeus,15.378,17,16.189,1.544068044,1.704587502,-0.160519458,226.5356709,1140.909091,240.7272727,202.3800493,1438.596724,77.65334806
quadriocellifer,21.987,21.987,21.987,1.681241237,1.705378346,-0.024137109,252.0000153,1132,234,214.6296234,1984.555298,58.99998093
quaggulus,9.557,16.517,13.037,1.62324929,1.718121254,-0.094871964,243.2709272,1389.227273,234.5568182,204.7462639,855.9225044,48.25573275
quercorum,16.22,18.717,17.4685,1.633468456,1.730321585,-0.096853129,180.3213035,624.5953488,184.772093,189.9458006,1679.81091,91.05258881
ravitergum,18.2836,18.2836,18.2836,1.703291378,1.696340281,0.006951097,263.4447937,819,255,199.3842621,1003.702942,59.00017166
reconditus,18.145,18.145,18.145,1.963787827,1.856314717,0.10747311,235.7669067,1194,220,202.9583282,1025.443359,50.83978271
rejectus,20.02,20.02,20.02,1.544068044,1.564922925,-0.020854881,208.41008,1145,240,208.1435242,1502.258057,56.11114502
richardi,11.135,13.012479,12.0737395,2.035429738,1.900361076,0.135068662,267.2743265,1263.807487,253.0374332,178.110736,595.759559,44.90092511
ricordii,18.087,19.895,18.991,2.191730393,2.123674796,0.068055597,236.8705669,1216.368421,209.6491228,192.4480184,1233.0992,49.53749499
rimarum,19.5164,19.52387,19.520135,1.62838893,1.6933251,-0.06493617,212.375311,1256.173077,218.1730769,198.1162755,1147.520062,45.04395478
rivalis,6.03,7.659,6.8445,1.806179974,1.747092429,0.059087545,251.8274517,1604.25,234,179.57234,346.6156082,33.808604
roatanensis,16.329,16.333,16.331,1.802773725,1.739302589,0.063471136,262.0059509,1146.333333,255,210.1388855,1294.554321,71.63131714
rodriguezii,13.67,22.902,18.286,1.67669361,1.741989415,-0.065295805,247.1570593,1174.020588,232.6588235,203.3024518,1690.884263,60.11733207
roosevelti,18.32,18.32,18.32,2.180412633,2.116155041,0.064257592,262.4568176,1050,255,174.2870331,1177.913574,34.95059586
roquet,14.437,14.762,14.5995,1.880813592,1.901923541,-0.021109949,255.6414426,1210.75,249.9166667,181.5771612,929.723409,43.63942178
rubiginosus,16.667977,16.667977,16.667977,1.698970004,1.712348,-0.013377996,257.7037354,887,241,194.4490814,1691.85144,98.25952911
rubribarbaris,15.069637,15.069637,15.069637,1.716003344,1.706397344,0.009606,218.5561981,1239,238,204.7638855,1572.220215,62.21006393
rubribarbus,20.337,20.654,20.4955,1.736396502,1.727599907,0.008796595,252.1567139,1235.6,239,195.134259,1642.882568,33.34916878
ruibali,20.035566,20.035566,20.035566,1.562292864,1.559296369,0.002996495,260.5276184,865,255,190.9212952,1505.054321,58.38890839
ruizii,4.28972,6.13,5.20986,1.759667845,1.723265107,0.036402738,194.4552765,1312.666667,223,188.6049398,600.7421265,51.09463247
rupinae,18.40029,19.691948,19.046119,1.703291378,1.69193561,0.011355768,230.5278897,1344.111111,208.3333333,200.9840546,1288.284071,47.49681812
sabanus,17.629,17.645,17.637,1.774516966,1.830335087,-0.055818121,251.2588196,973.3333333,255,1,1125.567912,41.65435537
sagrei,18.012,23.17,20.591,1.763427994,1.705666754,0.05776124,247.7577612,1118.024096,225.7951807,191.0381517,1840.567021,55.29008139
salvini,8.77,15.883,12.3265,1.802773725,1.802730005,4.37E-05,166.788064,1218.26087,238,188.2640892,617.6574415,59.65458049
santamartae,10.745,10.745,10.745,1.73239376,1.738619694,-0.006225934,120.5823517,1199,203,189.3703766,659.2678833,58.58040619
schiedii,16.8,20,18.4,1.763427994,1.700695009,0.062732985,200.875412,1114.214286,229.0714286,195.7195762,1816.654109,79.73991966
schwartzi,17.13,17.47529,17.302645,1.662757832,1.819596358,-0.156838526,253.1295649,1115.333333,255,188.9915161,1109.617961,30.15855026
scriptus,22.387,22.387,22.387,1.84509804,1.769503764,0.075594276,258.6080627,676,255,200.7685242,1829.960083,43.13272858
scypheus,-22.964,11.017,-5.9735,1.897627091,1.84199096,0.055636131,249.8547573,1441.84186,227.4465116,207.1975876,545.9897234,35.03241027
semilineatus,18.187,20.02,19.1035,1.653212514,1.659357804,-0.00614529,233.9280742,1159.801242,217.8198758,193.2615025,1242.0859,45.07557221
sericeus,9.967,24.317,17.142,1.685741739,1.748518105,-0.062776366,243.6764196,1122.455328,226.6706136,197.583812,1696.54383,80.25824386
serranoi,10.42,18.823,14.6215,1.911157609,1.739007952,0.172149657,250.9250497,1226.861789,233.0325203,194.5435873,760.4188555,88.52540894
sheplani,18.095,18.829,18.462,1.612783857,1.695212158,-0.082428301,196.5631313,1163.875,231.625,210.0902805,1085.414871,57.78249025
shrevei,18.42,19.054,18.737,1.740362689,1.801158789,-0.0607961,131.5929797,1098.7,212.2666667,197.0387329,1299.674715,49.98823598
singularis,18.095,18.837,18.466,1.740362689,1.764462967,-0.024100278,204.8693209,1142.37037,211.0740741,203.9720521,1111.588087,59.90434209
smallwoodi,19.912,20.637,20.2745,2.249198357,2.232362737,0.01683562,255.5773413,832.1818182,245.5454545,180.0997467,1501.150335,55.90900057
smaragdinus,25.154,25.162,25.158,1.685741739,1.822656871,-0.136915132,248.0000458,1012.5,255,185.0555573,2532.001465,59.00005341
sminthus,13.483,17.07,15.2765,1.740362689,1.781187302,-0.040824613,173.5434339,1000.471429,220.6571429,202.2522494,1240.764554,74.46470713
soinii,-4.543,-3.961,-4.252,1.903089987,1.850663689,0.052426298,167.6675148,1086,228.75,190.6157417,375.509697,29.47240543
solitarius,11.03,11.06,11.045,1.711807229,1.738619694,-0.026812465,190.6669693,1252.5,244.5,164.0231476,539.3309937,66.22225189
spectrum,21.67,22.854,22.262,1.612783857,1.570280741,0.042503116,246.7365774,1176.333333,224.3333333,199.4953715,2021.645304,60.19757716
squamulatus,10.2,10.349,10.2745,1.991226076,1.992685012,-0.001458936,212.5916519,619.3333333,222.6666667,190.7538605,601.8420817,54.8241024
strahmi,18.004,18.004,18.004,1.857332496,1.800546986,0.05678551,268.8771362,522,211,204.625,1285.06543,57.75324249
stratulus,17.97,18.437,18.2035,1.69019608,1.768381313,-0.078185233,243.6129648,1265.736842,236.5789474,199.7063852,1207.535709,38.69843885
subocularis,15.7,19.23,17.465,1.744292983,1.732566523,0.01172646,260.8730408,978.5079365,235.7301587,198.8323771,993.31191,107.5356846
sulcifrons,4.21,9.543,6.8765,1.792391689,1.727865072,0.064526617,251.7109598,1506.192308,225.0769231,203.677529,365.2309699,44.01801946
tandai,-13.319223,-2.843127,-8.081175,1.8162413,1.832663568,-0.016422268,255.287384,1437,229.4285714,209.5654755,494.469792,49.28926495
taylori,15.917,17.658,16.7875,1.851258349,1.697126724,0.154131625,274.7855464,925.1785714,229.1428571,193.8822795,737.3705314,111.1358441
tenorioensis,10.70521,10.70521,10.70521,1.638489257,1.693967432,-0.055478175,226.6546173,1369,240,201.6712952,677.8653564,46.77797318
terueli,21.287,21.287,21.287,1.579783597,1.566285444,0.013498153,252.1111298,1219,219,203.0879669,1860.223389,64.55562592
tetarii,10.36667,10.36667,10.36667,1.892094603,1.861718375,0.030376228,115.7870483,1048,226,187.3981476,658.3731079,57.11096191
tigrinus,9.961,11.188,10.5745,1.736396502,1.723189956,0.013206546,196.0695229,956,224.5,203.8437519,678.9328613,53.52317858
toldo,20.61161,20.61161,20.61161,1.785329835,1.737929199,0.047400636,256.4438171,1262,255,189.4537048,1647.074951,31.03701973
tolimensis,4.34,6.28,5.31,1.728353782,1.691506845,0.036846937,200.4431797,1361.944444,215.8333333,198.4718357,323.4591005,37.36863518
trachyderma,-11.863,3.383,-4.24,1.770852012,1.747090566,0.023761446,251.1323083,1595.853333,232.9066667,209.4903092,467.6747123,23.49266586
transversalis,-11.804,1.26,-5.272,1.913813852,1.882664548,0.031149304,255.4545381,1630.69697,238.030303,211.3107457,475.0311788,22.28505929
trinitatis,13.137,14.012,13.5745,1.8162413,1.900067048,-0.083825748,262.3603414,1365,255,202.8132731,890.1088867,39.98360697
tropidogaster,4.21,11.23,7.72,1.736396502,1.747021977,-0.010625475,259.0913871,1321.972222,232.212963,177.2656472,454.3573997,54.60238708
tropidolepis,8.84,10.933,9.8865,1.767155866,1.715016418,0.052139448,178.9871212,1257.280576,232.4028777,181.3479202,584.2585555,47.77802131
tropidonotus,12.921,21.21,17.0655,1.73239376,1.725244542,0.007149218,227.3273939,1171.512235,224.8482871,203.3478869,1655.096546,65.5929891
umbrivagus,10.70198,10.70198,10.70198,1.662757832,1.723223432,-0.0604656,278.2222595,983,241,206.0601807,435.1850586,76.95059204
uniformis,14.783,26.9,20.8415,1.607455023,1.704919319,-0.097464296,241.1328228,1337.337979,234.1986063,206.4611396,1673.787939,60.73562714
unilobatus,10.333,17.688,14.0105,1.698970004,1.748522813,-0.049552809,246.2233228,1189.446809,229.7287234,193.8728821,1167.565924,73.0683402
utilensis,16.106,16.115,16.1105,1.774516966,1.83523709,-0.060720124,262,1300.5,255,188.6481476,1346.749512,58
valencienni,17.887,18.504,18.1955,1.908485019,1.839396162,0.069088857,248.8949738,1049.5,250,143.9675903,971.6729431,46.71412373
vanidicus,21.912,21.97,21.941,1.579783597,1.570280741,0.009502856,223.8847809,1200,244.3333333,211.9922791,1895.723022,59.78184636
vanzolinii,0.46,0.644,0.552,2.017033339,1.861738735,0.155294604,144.9414498,1049.142857,218.5714286,174.9470847,386.8232291,16.99988202
vaupesianus,-1.33,1.17,-0.08,1.894869657,1.9036723,-0.008802643,258.2714996,1608.25,236,209.9594917,497.5005417,22.01544333
ventrimaculatus,0.832,5.875,3.3535,1.851258349,1.844058807,0.007199542,194.9956966,1300,224.1176471,184.5137536,273.0104859,31.85911543
vermiculatus,22.162,22.804,22.483,2.075546961,1.885447503,0.190099458,244.8175964,1206.666667,230.2222222,202.3960893,2115.062473,54.88620038
vescus,20.162,20.162,20.162,1.591064607,1.584228079,0.006836528,216.1099091,1206,231,211.7175903,1523.740845,42.33364105
vicarius,6.99593,6.99593,6.99593,1.672097858,1.747258851,-0.075160993,240.1500854,1562,213,180.6157379,395.4472351,40.48143768
villai,12.170153,12.170153,12.170153,1.667452953,1.718018365,-0.050565412,263.4166565,1235,255,175.9351807,768.166748,56.41659164
vinosus,18.186826,18.186826,18.186826,1.694605199,1.697796233,-0.003191034,252.8512268,1532,255,195.3240814,1184.668579,47.81513214
vittigerus,5.482,9.543,7.5125,1.812913357,1.738994066,0.073919291,250.4648486,1359.210526,234.7894737,197.8157895,441.6931757,52.47941057
wampuensis,15.05,15.07,15.06,1.707570176,1.718121254,-0.010551078,259.6934408,1401.833333,225.6666667,215.179011,1248.203451,49.34366989
wattsi,17.479,17.479,17.479,1.716003344,1.819596358,-0.103593014,260.150177,1051,255,173.5092621,1121.783325,34.66672897
websteri,18.245,19.47,18.8575,1.707570176,1.708014026,-0.00044385,252.6772842,861.5,196.5,154.5956777,1051.880157,62.65439924
wellbornae,12.375,14.553,13.464,1.67669361,1.748518105,-0.071824495,249.565211,1133.637363,228.2747253,191.8925012,747.5367764,91.88039499
wermuthi,12.969,13.708,13.3385,1.720159303,1.711277228,0.008882075,192.1332288,1163.357143,229.5714286,206.8733466,1000.059701,57.62003326
whitemani,18.287,19.854,19.0705,1.781755375,1.800854473,-0.019099098,259.0123819,766.1666667,193.4166667,187.623455,1119.749214,59.57091729
woodi,8.697,10.498,9.5975,1.929418926,1.843434861,0.085984065,194.6734971,1289.5,236.745098,180.7408323,621.5479958,54.26312996
yoroensis,14.983,15.526,15.2545,1.662757832,1.737646104,-0.074888272,191.5478592,1139.5,233,202.0883497,1618.237061,49.51758321
zeus,14.883,15.917,15.4,1.638489257,1.743454517,-0.10496526,245.2967623,1398.769231,226.4615385,205.7457275,1434.680242,45.88591972
